Tahun;Bulan;Tanggal;LI_00;LI_12;KI_00;KI_12;CCL_00;CCL_12;CAPE_00;CAPE_12
2011;Oktober;1;-0.1;-3.7;16.7;27.4;2627;2610;6;898
2011;Oktober;2;-1.8;0.5;29.8;23.6;1561;2195;152;1
2011;Oktober;3;2.7;4.8;25.7;19.4;1641;2254;;
2011;Oktober;4;3.4;2.6;13.5;16.2;3225;2098;;3
2011;Oktober;5;3.4;-1.7;14.4;9.1;1754;2004;;51
2011;Oktober;6;-1;-1.5;19.8;;1585;1813;28;75
2011;Oktober;7;2.9;;21.3;;2430;;;
2011;Oktober;8;1.8;;29.6;;2227;;;
2011;Oktober;9;;;;;;;;
2011;Oktober;10;;;;;;;;
2011;Oktober;11;-0.1;;16.7;;2627;;6;
2011;Oktober;12;;;;;;;;
2011;Oktober;13;;;;;;;;
2011;Oktober;14;;;;;;;;
2011;Oktober;15;;;;;;;;
2011;Oktober;16;;;;;;;;
2011;Oktober;17;;;;;;;;
2011;Oktober;18;;;;;;;;
2011;Oktober;19;;;;;;;;
2011;Oktober;20;;;;;;;;
2011;Oktober;21;-2.4;-3.7;29.3;30.9;1807;2462;4;1534
2011;Oktober;22;-1.3;-4.7;25.5;30.8;1905;2241;1250;2469
2011;Oktober;23;-4.7;-6.5;32.9;33.6;1766;1582;2186;3310
2011;Oktober;24;-3.7;-4.7;29.2;26.5;1775;1505;1711;2476
2011;Oktober;25;-4.6;-4.6;26.8;27.3;1642;2516;2084;1521
2011;Oktober;26;-4.2;-5.5;27.2;22.1;1766;1596;2419;2351
2011;Oktober;27;-4.9;-3.6;32.5;40.5;1276;1396;1854;1850
2011;Oktober;28;;-4.3;;30.9;;1688;;1608
2011;Oktober;29;-3.6;-4.7;33.4;22.2;1474;1676;1593;2155
2011;Oktober;30;-2.9;-4.9;33.6;34.6;1385;1526;1189;2310
2011;Oktober;31;-4.5;;35.7;;1428;;1549;
2011;November;1;-2.8;-3.8;28.9;33.7;1589;1393;1145;1717
2011;November;2;-2.9;-4.1;30.2;33;1563;1585;1038;2004
2011;November;3;-2.5;-3.8;35;36.6;1201;1371;861;1065
2011;November;4;-4;-3.8;33.4;33.7;1741;1393;1262;1717
2011;November;5;-3.1;;36.2;;1306;1834;1116;1
2011;November;6;-4;-2.1;38.1;34.6;1103;1489;1676;597
2011;November;7;-3.4;-5.7;33.1;38.2;1342;1319;1250;2916
2011;November;8;-0.9;-5.5;30.8;39.5;1615;1250;487;2934
2011;November;9;-2.4;-4.9;36.9;35.7;1297;1499;694;1807
2011;November;10;-4.5;-5.7;33.7;38.2;737;1319;2744;2916
2011;November;11;-3.7;-3.9;33.6;30.5;1505;1689;1489;1909
2011;November;12;-5;-2.7;25.5;33.3;2327;1775;1971;1268
2011;November;13;-2.7;-0.9;31.9;30.6;1228;1588;1505;4
2011;November;14;-1.7;-1.9;30.7;28.6;2037;1351;503;889
2011;November;15;-2.6;-1.8;35.9;34.5;1298;1926;1138;378
2011;November;16;-4;-5.7;26.8;32;1089;1698;2766;3518
2011;November;17;-3.5;-1.4;29;32.8;1419;1990;1049;6
2011;November;18;-4.3;-5.6;36.7;31.6;1034;1420;1037;3265
2011;November;19;-5;-2.4;33.6;32.9;1149;1554;2281;498
2011;November;20;-3.2;-6.8;36;36.1;1287;1299;654;3976
2011;November;21;-2.9;-1.4;35.3;31.8;1623;1718;1056;276
2011;November;22;-5.2;-2.3;37.5;37.4;1278;1616;1816;683
2011;November;23;-1.7;-5.1;33.5;40.1;2038;1208;431;2600
2011;November;24;-4.4;-4;35.5;31.2;1440;1301;1967;2714
2011;November;25;-4;-2;26.1;21.1;1494;2427;1709;2
2011;November;26;-0.7;-1.7;19.7;29.7;2220;2361;46;779
2011;November;27;-3.3;-4.3;32.3;35.9;1804;1687;1056;2369
2011;November;28;-5.1;-5.3;36.5;36.9;1576;1076;2179;2886
2011;November;29;-3.5;-4.1;33.4;37.8;1594;1265;627;2396
2011;November;30;-4.7;-3.5;34.5;31.9;1493;1555;2488;1
2012;September;1;4.9;1.2;-4.3;-11.1;3660;2198;;18
2012;September;2;3.9;0.3;-9.7;0.5;1980;2098;;21
2012;September;3;4.8;1.4;-5.3;1.1;2004;3374;;
2012;September;4;4.7;4.8;-12.1;11.3;3862;1779;;17
2012;September;5;2.2;-2.7;16.5;17.7;2636;1966;;32
2012;September;6;2.2;-1.3;-2.1;11.7;2044;1765;;100
2012;September;7;1.7;-3.1;21.1;15.7;1871;1713;;27
2012;September;8;0.1;-0.7;27.3;20;1116;1824;5;365
2012;September;9;-2.3;4.5;21.5;15.6;2174;3298;143;
2012;September;10;1.5;-2.8;17.1;16.7;3107;2216;3;158
2012;September;11;1;-2.2;13.7;15.5;1698;2389;36;86
2012;September;12;4.6;-1.5;-5.5;8;3819;2275;;59
2012;September;13;3.4;-3;16.3;21.5;3651;2504;;1037
2012;September;14;2.1;-0.3;32.9;33.3;2413;1857;5;203
2012;September;15;0.2;-0.3;25.7;31.5;1981;3578;49;9
2012;September;16;0.3;-1.7;19.5;24.5;2496;2583;16;90
2012;September;17;1.4;0.9;21.7;16.6;2560;2135;5;20
2012;September;18;1.8;-0.1;13.1;9.1;2765;3623;;46
2012;September;19;0.2;-4.7;6.2;25.4;1698;1734;11;2034
2012;September;20;-4.5;2;6.5;19.1;2736;2797;1752;
2012;September;21;-1.2;-0.4;24.3;24.4;2174;2133;495;82
2012;September;22;0.5;-2.1;5.9;-6;2086;2310;10;35
2012;September;23;0.2;-0.4;-14.5;-17.7;2392;2673;;44
2012;September;24;-0.2;-1.6;-11.7;9.1;2430;3356;13;17
2012;September;25;3.7;-1.7;1.1;4.9;2280;1926;;957
2012;September;26;1.6;0.5;-10.9;-11.9;1453;1864;16;66
2012;September;27;2.7;0.4;5.3;6.8;1873;1957;10;49
2012;September;28;1.1;-2.5;0.5;4.5;1966;1930;;100
2012;September;29;;-3.7;9.5;22.5;2515;1679;;1210
2012;September;30;3.3;-5.1;23.5;26.5;2804;2043;;1954
2012;Oktober;1;-3.8;-4.5;16.3;18.8;2449;3368;219;20
2012;Oktober;2;-1.2;-5.7;15.3;25.8;2625;1817;89;2304
2012;Oktober;3;-0.6;-0.8;18.7;34;2053;1864;433;617
2012;Oktober;4;-0.3;-1.9;4.9;33.7;2490;2162;40;1366
2012;Oktober;5;-0.7;-1.6;20.7;9.1;2091;2032;467;40
2012;Oktober;6;-1.5;-0.5;18;23.6;1826;3299;237;23
2012;Oktober;7;-1.4;;22.5;;2065;;3;
2012;Oktober;8;-2;-3.2;18.7;26.1;2002;1940;926;36
2012;Oktober;9;-1.6;2.3;33.1;16.8;1575;2635;533;0
2012;Oktober;10;-1.4;-3.1;27.8;23.7;1931;2874;137;1832
2012;Oktober;11;1.2;-1.5;19.9;29.7;1894;1470;151;356
2012;Oktober;12;-0.8;-1.1;26.3;29.3;1775;1713;198;1674
2012;Oktober;13;-4;-2.1;1.7;9.5;2103;1869;41;2059
2012;Oktober;14;-4.3;-2.8;22.6;35.2;2134;1972;1894;1401
2012;Oktober;15;-2.8;-1.9;23.3;18.9;1753;1657;1577;6
2012;Oktober;16;-4.6;-3;25.2;21.7;1664;1875;893;1723
2012;Oktober;17;-2.4;-3.6;23.7;34.8;2256;1332;1268;1699
2012;Oktober;18;-1.9;-3.7;25.5;25.9;1587;1742;925;1960
2012;Oktober;19;-3.2;-2.6;31.3;29.5;2087;2230;939;882
2012;Oktober;20;-0.9;-1.9;32.3;30;1902;1790;317;755
2012;Oktober;21;-2.8;-0.9;11.1;25.5;1887;1845;793;12
2012;Oktober;22;1.2;3.6;18.9;24.1;2378;3244;49;0
2012;Oktober;23;-0.1;1.1;18.3;22.5;2127;2073;47;69
2012;Oktober;24;1.3;0.7;10.3;22.2;2025;1753;29;1201
2012;Oktober;25;-1.1;-1.9;12.5;38.2;1864;1788;0;1500
2012;Oktober;26;-2.9;-1.6;19.2;22.7;2254;1692;1;19
2012;Oktober;27;-2.7;-6.8;19.5;33.8;1954;2160;1140;3457
2012;Oktober;28;-3;-1.1;23.3;13.9;1625;2459;72;1005
2012;Oktober;29;-4.5;-5.9;34.7;27.9;1755;1202;1856;2825
2012;Oktober;30;-3.9;-4.4;24.7;19.8;1876;1692;11;2079
2012;Oktober;31;-3.9;-3.8;18.9;20.7;1697;2927;1325;1224
2012;November;1;5.7;-0.7;25.7;27.3;1866;2937;;13
2012;November;2;-4.5;-2.8;32.8;33.8;1754;2286;1993;1247
2012;November;3;-3.4;-6.2;34.7;32.5;1210;1162;86;3804
2012;November;4;-3.7;-5.8;24.6;29.6;1570;1514;1340;2767
2012;November;5;-2.8;-3.1;30.9;29.9;2321;1937;864;1887
2012;November;6;-2.7;-4.4;20.5;19.8;1694;1609;1580;3256
2012;November;7;-3.2;-2.4;27.3;29.4;1511;1487;1366;809
2012;November;8;-2.9;-1;18.5;18.7;1656;2060;12;2
2012;November;9;-2.7;-3.7;25.3;32.5;2002;2196;672;2278
2012;November;10;-6.3;-4.5;29.1;29;1684;1763;2571;3588
2012;November;11;-3.1;-2.8;28.8;28.5;1757;1691;1762;1294
2012;November;12;-1.3;-1.4;26.8;29.4;2550;1300;15;1036
2012;November;13;-1.9;-2.1;29.9;32.2;2002;2497;5;502
2012;November;14;-2.9;-0.5;31.5;30.1;1752;2143;1018;93
2012;November;15;-2.9;-5.2;32.5;34.6;2062;1878;1248;2954
2012;November;16;1.4;-6.3;31.3;30.5;2031;1301;;3762
2012;November;17;-5.8;-5.1;34.6;31.5;1566;1686;2384;2610
2012;November;18;-4.2;-5.9;31.3;28.4;1813;1142;924;3209
2012;November;19;-1.1;-2.5;34.2;38.1;1680;1597;139;363
2012;November;20;-2.9;-1;30.7;30.1;1684;1549;1209;
2012;November;21;-4.8;-3.3;30.8;36.4;2191;1698;1601;1354
2012;November;22;-3.1;-5.6;34.2;34.9;13565;1747;24;2067
2012;November;23;-3.4;-2.6;35.8;33.4;1757;2018;1207;848
2012;November;24;-2.3;-5.4;34;35.1;1397;1845;1065;249
2012;November;25;-4;-4;33.7;19.7;1455;1591;1907;1652
2012;November;26;-4.1;-3.5;28.6;25.3;1082;1680;2790;1300
2012;November;27;-3.8;-5.4;33;34;1382;1458;1721;3306
2012;November;28;-3.3;-3.4;36.7;35.2;1332;1765;1365;1362
2012;November;29;-3.4;-3.1;32.6;33.1;1907;1296;1110;1150
2012;November;30;-3.8;-5.9;29.6;30.3;1634;1193;2130;3377
2013;September;1;-2;-1;8.7;7.5;1948;1992;401;188
2013;September;2;-2;0;5.9;27.2;1658;1900;208;505
2013;September;3;-1;1;29.4;19.9;1470;1231;241;44
2013;September;4;;-1;;29.6;;1668;;2
2013;September;5;2;3;-1.1;19.1;1843;3865;;
2013;September;6;;-3;;18.8;;1562;;743
2013;September;7;;-4;;30.1;;1577;;981
2013;September;8;0;-1;24.3;29.2;1604;1348;3;802
2013;September;9;2;-1;22.5;15.3;1862;1972;;181
2013;September;10;3;-2;-3.9;-5.7;1997;1734;;536
2013;September;11;5;-3;26.3;30.1;3024;1867;;1112
2013;September;12;4;0;25.8;28;2205;1508;;223
2013;September;13;-3;-3;27.8;24.8;1354;1829;451;762
2013;September;14;1;;21.3;;2401;;6;
2013;September;15;2;-1;20.1;30.6;2880;3085;;59
2013;September;16;-3;-3;19.5;29.3;1508;2057;;1258
2013;September;17;-1;-1;25.5;24.1;2375;1945;45;1558
2013;September;18;1;-2;27.6;26.5;2259;1624;75;1713
2013;September;19;1;1;13.8;15.3;1523;3311;;119
2013;September;20;4;2;2.5;4.9;2639;2211;;41
2013;September;21;3;1;6.5;21.1;2433;2422;13;110
2013;September;22;4;2;-0.7;-7.5;2730;1925;;341
2013;September;23;4;1;8.9;11.5;2054;2387;;474
2013;September;24;2;2;12.1;5.5;3135;3537;;
2013;September;25;1;-2;7.7;-0.7;3311;3495;2;1394
2013;September;26;2;-1;-8.9;-3.5;2328;2393;;448
2013;September;27;0;2;2.5;5.8;26.1;2327;;51
2013;September;28;2;0;7.1;4.3;2135;1964;;40
2013;September;29;0;2;8.1;11.3;2190;2389;;13
2013;September;30;-1;;7.3;;1972;;33;
2013;Oktober;1;0;-2;3.3;13.7;1679;1869;;914
2013;Oktober;2;3;1;-4.1;-2.3;2610;2636;;66
2013;Oktober;3;-1;2;1.1;11.9;2066;3358;50;27
2013;Oktober;4;0;1;12.7;14.1;2284;2447;166;165
2013;Oktober;5;0;-2;21.3;26.5;1772;2005;66;1463
2013;Oktober;6;1;-2;26.9;28.9;1856;1725;180;1684
2013;Oktober;7;-2;-7;24.5;28.9;1907;2157;459;1036
2013;Oktober;8;1;1;23.7;34.7;2398;2253;69;116
2013;Oktober;9;1;2;4.7;31.2;2147;2231;56;45
2013;Oktober;10;;-2;;16.5;;2277;;1076
2013;Oktober;11;0;-3;25.5;30.9;2566;2342;21;1651
2013;Oktober;12;-1;0;26.1;24.1;2437;2449;114;51
2013;Oktober;13;-1;-2;30.6;30.5;2346;1929;578;2224
2013;Oktober;14;1;-2;17.7;28.5;2210;2604;128;914
2013;Oktober;15;1;-1;21.7;32;2835;2616;93;304
2013;Oktober;16;-1;-4;34.6;29;1889;1408;379;1324
2013;Oktober;17;-5;-6;26.2;30.3;1566;1552;1988;3479
2013;Oktober;18;-6;-4;24.7;31;1881;2203;2714;2941
2013;Oktober;19;-5;-2;33.8;22.7;1250;2558;3165;1685
2013;Oktober;20;-2;-5;22.9;20.1;1381;2313;717;2144
2013;Oktober;21;-2;-3;20.3;23.7;2733;2300;338;778
2013;Oktober;22;-3;-4;24.3;24.4;1653;1711;1261;1852
2013;Oktober;23;-2;-3;26.5;36.1;1607;1556;531;1183
2013;Oktober;24;-4;-2;30;27.5;1767;2240;1959;763
2013;Oktober;25;-3;-7;16.7;25.5;2149;2009;942;4196
2013;Oktober;26;-3;-4;22.7;38.1;1787;1529;928;1886
2013;Oktober;27;-4;-4;27.1;36.7;1835;1843;1255;1160
2013;Oktober;28;-3;-5;30.2;28.1;2071;2502;1005;2668
2013;Oktober;29;-2;-6;30.1;28.9;1711;1743;740;2999
2013;Oktober;30;-3;-4;23.1;33.8;1790;1504;1067;1214
2013;Oktober;31;-4;0;23.3;15.1;2119;2150;1336;84
2013;November;1;-2;-5;25.9;24.8;2126;1311;455;2538
2013;November;2;-1;;24.5;;2064;;165;
2013;November;3;-4;-2;16.1;24.5;1857;2025;1057;942
2013;November;4;-3;-6;23.5;23.9;1920;2134;984;2689
2013;November;5;-3;-5;23.9;38.9;2001;2204;971;2936
2013;November;6;-4;-4;28.9;30.3;1833;1690;1774;2816
2013;November;7;-1;-5;30.7;24.7;1877;1374;208;1722
2013;November;8;-2;-3;31;26.7;1793;1908;685;461
2013;November;9;-3;-6;14.5;30.5;1771;1923;955;1944
2013;November;10;-1;-4;12.3;12.9;2229;2229;527;2788
2013;November;11;-4;-5;31.1;36.5;1977;1298;2433;1847
2013;November;12;-5;-3;35.9;34.4;1825;1758;1798;943
2013;November;13;-1;-6;33;33;1933;1371;287;3407
2013;November;14;-2;-5;32;30.8;1340;1620;776;1880
2013;November;15;-3;-4;34.7;37.3;1329;1350;875;1896
2013;November;16;-3;-3;37.5;37.6;1151;1381;1076;1172
2013;November;17;-3;-3;36.3;36.5;1292;1373;994;1269
2013;November;18;-3;-3;35.8;23.7;1812;1389;919;1266
2013;November;19;-5;-4;36.8;33.6;1152;1460;1756;1804
2013;November;20;-4;0;33.1;37.2;1362;1833;1577;
2013;November;21;-1;-3;35.3;1.5;1621;1553;442;1682
2013;November;22;0;-2;26.2;37.2;1987;1221;96;1665
2013;November;23;-2;-5;25.6;17.6;1417;1254;698;3514
2013;November;24;-6;-5;32.2;27.7;1163;1436;2319;2707
2013;November;25;-3;0;32.2;35.5;1285;1379;1052;41
2013;November;26;-2;-3;36;34.4;1566;1681;600;1312
2013;November;27;-3;-3;34.5;36.7;1475;1487;961;979
2013;November;28;-4;-4;34.9;40.3;1510;857;1598;1400
2013;November;29;-4;-4;33.7;32.3;1239;1367;2251;2386
2013;November;30;-2;-3;6.3;12.2;3189;1456;441;1583
2014;September;1;2.2;-2.2;24.3;20.5;2561;2997;0;610
2014;September;2;0.8;1.2;26.3;19.8;1183;1568;10;177
2014;September;3;3.4;0.6;-8.5;-4;1179;1523;0;34
2014;September;4;0.5;0;-8.2;-6.5;1489;2050;1;6
2014;September;5;-1.3;-1.3;-5.5;-0.6;1579;3927;60;38
2014;September;6;0.4;-0.5;-2.7;23.3;1820;1901;15;3
2014;September;7;0.3;-0.4;0.7;-18.7;3136;3585;2;52
2014;September;8;1.4;2.8;-13.7;7.9;2312;2414;0;0
2014;September;9;3.9;2.7;-8.5;0.3;2894;4055;0;0
2014;September;10;5.4;0.2;-14.9;-4.1;2852;1739;0;37
2014;September;11;3.2;0.7;19.5;28.3;2802;1932;0;9
2014;September;12;4.5;1.3;25.5;25.7;3025;3381;2;10
2014;September;13;2.4;3.7;13.3;-4.5;2477;2545;0;0
2014;September;14;4;3;-13.3;14.3;2188;2511;29;64
2014;September;15;3.7;-0.4;-17.9;-0.9;2249;1938;3;72
2014;September;16;2.5;0.6;-9.7;-12.5;2097;3653;0;8
2014;September;17;3.5;-3.6;15.7;23.7;2667;1944;0;18
2014;September;18;0;-2.2;28.9;29.3;2397;3209;27;100
2014;September;19;-1.2;-0.4;24.1;21.5;3000;2043;103;12
2014;September;20;1.2;4.1;12.9;25.1;1840;3935;1;1
2014;September;21;2.7;4.4;-3.9;8.5;2451;2303;0;5
2014;September;22;2;0.2;5.1;24.2;2312;2690;0;86
2014;September;23;3.7;0.7;-0.7;20.1;3679;2682;0;2
2014;September;24;3.3;-0.3;13.1;12.3;2531;1935;0;10
2014;September;25;3.5;6;11.3;2.5;2645;2567;0;3
2014;September;26;5.8;7.5;-14.5;-6.7;2459;4021;17;0
2014;September;27;5.8;-0.7;1.1;17.3;2441;1909;0;1
2014;September;28;2.5;-1.4;18.2;19.4;2455;2982;0;5
2014;September;29;0.5;-3.2;19.9;36;1770;2198;1;127
2014;September;30;-0.4;-2;14.3;20.9;2292;2485;15;105
2014;Oktober;1;1.6;1;-0.5;3.1;1935;2508;15;24
2014;Oktober;2;1.7;1.7;6.5;6.5;3147;3147;0;0
2014;Oktober;3;3.8;-0.9;3.5;19.1;2096;2012;1;117
2014;Oktober;4;-0.6;-1.3;7.9;0.3;2114;2845;32;35
2014;Oktober;5;-1.6;-3.4;7.5;4.7;2254;1806;43;106
2014;Oktober;6;-1;-1.6;-9.7;5.1;1958;2140;30;1088
2014;Oktober;7;1;2.3;4.3;10.1;1966;2509;71;16
2014;Oktober;8;0.7;6;7.5;29.8;2702;2771;7;73
2014;Oktober;9;6.8;-1.5;10.3;17.9;2849;2231;45;1211
2014;Oktober;10;1.2;-1.5;25.3;25.9;2573;2370;31;223
2014;Oktober;11;-1.8;-3.3;30.5;34.1;2738;2560;2;700
2014;Oktober;12;-3.5;0.2;21.5;34.5;1995;1843;1;99
2014;Oktober;13;0;0;11.7;10.9;1553;2443;25;5
2014;Oktober;14;0.4;-3.3;3.5;11.3;1798;2123;1;1860
2014;Oktober;15;-0.3;-3.3;21.3;31.7;1827;2572;182;10
2014;Oktober;16;-2;-3.4;16.5;24.8;2049;2185;585;1192
2014;Oktober;17;0.2;-3;17.5;17.9;2082;1633;1;1778
2014;Oktober;18;1;0.3;20.3;34.1;2082;2591;14;12
2014;Oktober;19;0.3;0.8;9.9;30.9;2344;2033;19;49
2014;Oktober;20;-3.2;-3.2;33.1;21.9;2270;2027;62;385
2014;Oktober;21;-0.9;-2.8;28.1;31.5;2152;1756;273;1691
2014;Oktober;22;0.1;-1.8;19.3;4.5;2023;2621;31;98
2014;Oktober;23;-2.5;-1.4;0.9;10.1;1952;2183;61;73
2014;Oktober;24;1.7;-1.9;8.1;23.1;2114;1776;0;77
2014;Oktober;25;-0.4;-2.8;25.7;32.3;2338;1923;59;5
2014;Oktober;26;-0.8;-0.2;23.5;25.3;2355;2627;162;17
2014;Oktober;27;-0.2;-1.9;17.9;31.3;1958;1823;3;1093
2014;Oktober;28;-1.7;-3.9;15.5;36;2154;2410;6;1996
2014;Oktober;29;0.5;-3.1;21.7;1.5;1976;2206;11;99
2014;Oktober;30;-2.5;0.3;3.9;29.2;1717;2771;111;103
2014;Oktober;31;0;0.7;11.9;20.9;2287;3008;20;27
2014;November;1;-1.4;2;7.9;6.2;2864;2407;14;0
2014;November;2;-1.5;-4.3;7.5;38.3;2231;1887;15;1779
2014;November;3;-1.2;-4;2.7;33.2;1967;2952;168;1151
2014;November;4;0.3;-0.4;13.3;4.2;2190;2109;11;56
2014;November;5;-1.6;-0.7;-1.3;16.3;2682;2885;15;4
2014;November;6;-4.6;-4.1;23.5;18.7;2087;1743;968;4
2014;November;7;-4.5;-2;27.5;33.3;1668;2505;989;0
2014;November;8;-4.8;-6.4;29.5;28.3;2018;1658;1607;2723
2014;November;9;-4.4;-1.8;29.5;28;1918;1844;1736;648
2014;November;10;-2.3;-4.1;29.9;33.4;1813;1904;503;1687
2014;November;11;-3.3;-0.1;30.1;31.3;1813;2576;1216;14
2014;November;12;-2.2;-1.5;23.5;22.7;1962;2215;24;6
2014;November;13;-2.5;-4.1;32;26.3;1705;2679;1435;1888
2014;November;14;-3;-3.2;29.1;28.5;1749;2218;992;46
2014;November;15;-1.7;-3.8;28.5;34;1834;1671;649;1491
2014;November;16;-0.4;-5.3;32.1;32;1478;1538;125;2849
2014;November;17;-1.9;-1.8;33.6;34.5;1587;1581;347;0
2014;November;18;-2.8;-1.5;33.2;35.6;1491;2036;1241;38
2014;November;19;-4.1;-5.5;28.9;32.6;1860;1504;1817;3546
2014;November;20;-3.1;-3.8;24.1;28.9;1193;1573;1728;23
2014;November;21;-1.7;-5.4;27.9;23.9;2042;1445;1260;3038
2014;November;22;-0.8;-4.5;19.9;31;1708;2257;5;2319
2014;November;23;-2.8;-8;23.1;26.4;1791;2218;4;5346
2014;November;24;-3;4.5;36.2;29.8;1345;1548;1025;0
2014;November;25;-3.9;-1.1;30.8;36.9;1469;1411;1931;91
2014;November;26;-2.2;-3;23.7;25.7;2261;2163;699;796
2014;November;27;-4.8;-6.4;29.3;39.1;1585;1191;2065;2132
2014;November;28;-2.2;-3.5;33.6;31.8;1676;1767;566;1145
2014;November;29;-1.7;-2.6;32.1;42.1;1982;1455;0;17
2014;November;30;-3.2;-0.5;37.7;34.6;1577;1870;1582;107
2015;September;1;4.1;1.6;-8.5;-0.7;3430;2120;0;53
2015;September;2;3.1;1.8;5.7;12.3;2204;3149;0;1
2015;September;3;2.6;-1.8;11.5;2.7;2895;3252;0;5
2015;September;4;0.1;-0.3;-5.5;3.5;3450;2243;0;35
2015;September;5;3.4;1;-13.5;10.9;2213;2133;0;4
2015;September;6;1.4;2;12.1;18.7;2218;3204;0;0
2015;September;7;2.7;-0.8;19.9;21.4;1942;1897;0;16
2015;September;8;0.3;4.9;10.5;11.7;2150;2287;0;0
2015;September;9;-1.7;-0.4;9.7;-4.3;1749;2131;34;7
2015;September;10;-0.6;0.4;-2.9;-3.1;1586;1990;57;2
2015;September;11;0.8;0.9;17.7;10.1;1675;1918;3;0
2015;September;12;1;-0.2;10.9;12.1;1669;2201;0;3
2015;September;13;0.8;4;7.9;4.5;1755;3137;0;0
2015;September;14;6.3;1.8;3.9;7.4;3154;1582;0;4
2015;September;15;4.4;2.2;5.5;4.8;2872;3601;0;0
2015;September;16;4;0.6;3.7;10.6;3283;3309;0;45
2015;September;17;-0.5;-0.2;-2.5;7.7;2529;1634;8;104
2015;September;18;-1.4;-2.8;2.9;10.3;2952;1849;196;6
2015;September;19;0.8;-0.3;10.7;16.1;2356;2105;0;4
2015;September;20;-0.5;-1.9;15.3;22.7;2225;1923;57;64
2015;September;21;0.9;0.7;14.5;19.3;2754;3689;36;0
2015;September;22;-2.2;-0.2;13.7;19.3;3032;2331;171;66
2015;September;23;1.3;2.5;10.7;17;2295;2410;1;16
2015;September;24;1.3;1;8.3;21.7;2250;1843;1;8
2015;September;25;3.2;3.2;12.1;17.3;2391;2801;0;0
2015;September;26;2;0.6;12.3;19.6;1953;3375;5;0
2015;September;27;2.1;-0.6;29.2;31.3;1582;2112;12;65
2015;September;28;1.4;-0.4;12.7;29.8;2105;2289;0;108
2015;September;29;2.5;1.5;27.4;13.3;2083;2787;5;0
2015;September;30;0.3;-1.5;-1.9;1.3;1873;1983;0;32
2015;Oktober;1;0.3;-2.2;22.1;22.5;1930;2298;16;733
2015;Oktober;2;-1.8;-2.4;19.1;27.7;1735;1908;258;117
2015;Oktober;3;-4.1;-1.5;6.7;24.5;1978;2121;626;144
2015;Oktober;4;-2.1;-1.4;9.7;15.5;2559;3838;39;15
2015;Oktober;5;2.6;2.8;15.9;26.9;2665;2919;0;0
2015;Oktober;6;1.6;1.5;24.3;17;2439;3573;2;0
2015;Oktober;7;0.8;0.8;21.5;30.8;1620;3596;0;0
2015;Oktober;8;1.7;1.4;12.7;34.2;1716;2298;3;65
2015;Oktober;9;4;0.6;7.1;25.8;1976;2269;39;116
2015;Oktober;10;-0.5;-0.3;4.9;2.1;1861;1957;55;31
2015;Oktober;11;0.2;-1.4;1.9;7.5;2214;1641;82;308
2015;Oktober;12;2.3;-1.4;11.3;22.4;2319;2596;2;0
2015;Oktober;13;2;-1.9;16.3;22.9;1666;2323;0;988
2015;Oktober;14;1;-0.9;-10.5;32.3;2213;1876;0;101
2015;Oktober;15;1.3;-0.7;-2.7;-11.7;2055;1866;53;50
2015;Oktober;16;0.3;-1.9;-9.1;-6.3;2253;2174;31;1093
2015;Oktober;17;2.3;0.7;-6.7;19.1;2309;2718;0;16
2015;Oktober;18;1.9;2.5;8.7;32.1;1966;2579;0;18
2015;Oktober;19;;2.2;;26.3;2127;2792;;41
2015;Oktober;20;0.7;2.6;-1.5;0.6;1825;2514;83;9
2015;Oktober;21;1.4;1.4;-5.9;-5.3;1816;2230;25;24
2015;Oktober;22;3.7;0;-11.1;-2.5;2447;2292;1;1
2015;Oktober;23;4.5;2.5;-5.7;4.7;2520;2964;0;0
2015;Oktober;24;2.7;3.7;-13.3;-6.9;2898;4869;0;0
2015;Oktober;25;2.2;-0.7;-14.5;0.9;2543;3358;0;137
2015;Oktober;26;3.2;-1.6;3.1;22.9;2380;2558;0;5
2015;Oktober;27;-0.2;-2.4;13.3;23.1;2211;2872;89;1224
2015;Oktober;28;-0.9;-2.3;14.7;15.1;1899;2808;1;16
2015;Oktober;29;0.9;-2.3;26.6;17.3;1947;2313;5;5
2015;Oktober;30;0.4;-1.1;17.3;9.9;2046;2396;40;26
2015;Oktober;31;9.3;-1;5.4;13.9;1952;3509;0;633
2015;November;1;-1.2;-2;5.5;8.1;2030;2949;273;3
2015;November;2;-3.8;-1;13.1;18.3;2431;2946;1508;5
2015;November;3;-1.6;-1.6;20.8;25.6;1156;1612;523;1204
2015;November;4;0.1;-2.5;18.3;14.1;1674;1868;12;14
2015;November;5;-2.3;-2.7;-0.3;23.5;2251;2353;707;46
2015;November;6;-1.3;-3.9;30.6;29.2;2169;2058;257;2101
2015;November;7;-5;-3.1;34.9;32;1700;1489;2914;1897
2015;November;8;-1.7;-0.9;23.1;25.3;1617;1296;962;14
2015;November;9;-1.4;-4;27.4;32.2;1586;1224;687;1975
2015;November;10;-4.8;-0.9;29.3;28.3;1308;1287;1655;211
2015;November;11;-2.7;-4.3;29;26.6;1607;1457;1097;2179
2015;November;12;-3.2;-4.3;31.5;34.7;1463;1299;1383;28
2015;November;13;-1.8;-2.3;19;24.1;1414;1644;1014;1331
2015;November;14;-1.3;-3.5;25.1;22.5;1654;1726;681;1587
2015;November;15;-0.9;-1.7;17.9;23.7;1759;1965;651;3
2015;November;16;-0.3;-1.4;13.5;21.1;1915;2140;100;1807
2015;November;17;-1.9;0.1;30.8;24.7;1350;2424;1102;23
2015;November;18;-1.8;-2.8;17.5;24.7;1913;1492;847;1096
2015;November;19;-3.3;-4.2;30.1;29.1;1534;1911;1925;2073
2015;November;20;-1.4;-2.2;22.9;31;2087;2404;888;778
2015;November;21;-2.4;-5.2;24.5;18.1;1261;2195;559;2005
2015;November;22;-2.9;-2;14.5;24.5;2235;1821;1035;8
2015;November;23;-3.8;0.5;19.1;16.9;1902;2429;1662;23
2015;November;24;-3;-2.6;21.7;31.7;1700;2054;1204;90
2015;November;25;-2.2;-0.9;32.6;37.4;1174;1215;707;495
2015;November;26;-4.3;-4.4;32.3;29.2;1226;1679;2132;1905
2015;November;27;-3.4;-4;22.7;28.6;1506;1268;0;1186
2015;November;28;-2.1;-4.1;30.4;30.2;1592;1723;498;2107
2015;November;29;-1.7;-3.6;23.3;27.3;1574;1042;670;1
2015;November;30;-1.8;-2.4;24.9;35.1;1673;1557;0;481
2016;September;1;-3.2;7.2;22.3;9.5;1905;3253;1328;0
2016;September;2;-2.1;;23.9;;1113;1248;525;44
2016;September;3;-2.5;-2.6;24.5;31.8;1267;1457;643;1700
2016;September;4;-0.4;;20.9;;1688;1558;535;112
2016;September;5;-2.7;-3;22.3;25.3;729;1329;1565;1540
2016;September;6;-4.3;-2.7;24.9;22.9;752;978;1798;1403
2016;September;7;-2.9;-2.3;25.9;24.5;1232;1285;1645;1635
2016;September;8;-2;-2;21.9;28.8;1463;1413;1125;1135
2016;September;9;-1.6;-0.4;23.6;18.7;1612;1687;63;146
2016;September;10;-2.8;-1;30.2;9.4;1352;1834;608;33
2016;September;11;-3.4;0.7;4.3;15.6;1821;1591;482;81
2016;September;12;1.8;2.7;5.9;22.9;1877;2173;7;7
2016;September;13;-1.5;-1.9;3.2;30.3;1549;1664;119;139
2016;September;14;0.1;-1.5;26.7;30.4;1667;1281;28;66
2016;September;15;-1.4;-0.9;3.9;29.7;1470;1623;0;701
2016;September;16;-3.4;;23.9;;2036;1312;1462;251
2016;September;17;-5.5;-5.4;18.5;23.5;1105;1497;2618;2328
2016;September;18;-4.7;-2.3;24.9;33.3;969;1383;2543;1123
2016;September;19;-3;-5.3;25.3;30.9;1552;1181;1759;1904
2016;September;20;-5.5;-2.4;33.7;32.9;1124;1126;2283;1976
2016;September;21;-1.5;-0.7;27.1;29.8;922;1585;1771;704
2016;September;22;-0.7;-4.2;30.7;29.1;1076;1191;10;2537
2016;September;23;-4.3;-3.2;30.2;31.2;1180;1085;2322;1603
2016;September;24;-3.8;-5.6;30.3;35;1218;881;1722;2948
2016;September;25;-2.6;-4;33.3;35.1;1082;1570;814;1465
2016;September;26;-3.3;-4;35.3;34.3;1454;1302;1402;1737
2016;September;27;-1.9;-3;36.4;36.6;1269;1755;437;786
2016;September;28;-3.9;-4.6;33.2;39.3;2009;849;345;2316
2016;September;29;-3.1;-2.5;28.8;33.3;599;1558;814;1074
2016;September;30;-4.1;-5.7;27.3;35.3;1519;1202;1964;2496
2016;Oktober;1;-5.1;-4.5;29.5;33.1;1962;1621;2655;1967
2016;Oktober;2;-2.9;-2.5;32.3;41.1;1471;921;1534;462
2016;Oktober;3;-2.8;-1.9;35.6;36.1;1305;1025;1183;0
2016;Oktober;4;-3.3;-4;35.7;36.5;1456;1572;1038;2223
2016;Oktober;5;-3.6;-6.2;37.1;36.8;1012;960;1356;3527
2016;Oktober;6;-6.4;-5.6;28.9;29;1623;1005;2906;3409
2016;Oktober;7;-4.2;-3;25.1;29.2;1426;1328;2216;1451
2016;Oktober;8;-1.7;-4.8;29.5;31;2297;1097;436;2016
2016;Oktober;9;-3.4;;38.9;;1288;1153;1484;227
2016;Oktober;10;-3.6;-2.5;39.7;38.9;874;597;884;60
2016;Oktober;11;-4.1;-1.8;35.1;39.4;805;1225;1632;373
2016;Oktober;12;-3.2;-4.7;31.7;34.5;2010;1066;684;1716
2016;Oktober;13;-4.9;-4.1;37.1;34.8;1211;946;2051;2802
2016;Oktober;14;-4;-2;38.7;35.3;1320;1272;1557;1246
2016;Oktober;15;-2.3;-4.1;33.5;29.9;847;1543;1377;2909
2016;Oktober;16;-2.4;-2.4;22.7;18.9;1724;1317;994;1435
2016;Oktober;17;-1.9;-0.6;26.6;31.7;1442;2319;1070;200
2016;Oktober;18;-2.9;-1.3;24.3;30.6;2107;1552;960;58
2016;Oktober;19;-1;-2.4;29.1;25.9;1581;1337;14;1190
2016;Oktober;20;-2.5;-2.9;20.5;27.9;1547;1722;597;7
2016;Oktober;21;-4.8;-3.9;30.7;25.9;1323;2081;2493;2139
2016;Oktober;22;-2.6;-3.2;30.8;31.8;1549;2170;1010;
2016;Oktober;23;-5.6;-3.3;30.7;34.5;1206;1646;2424;7
2016;Oktober;24;-4.5;-2.5;40.2;33.8;574;642;1405;21
2016;Oktober;25;-3.3;-2.7;35.5;32.9;1496;1621;984;728
2016;Oktober;26;-3.3;-4.5;34.5;36;1202;1124;1554;1898
2016;Oktober;27;-3.7;-5.2;35.8;37.5;903;1027;1310;2419
2016;Oktober;28;-3.2;-2.1;37.4;38;1233;1250;1271;629
2016;Oktober;29;-3.2;-3.9;35.6;34.7;1276;1222;1409;2260
2016;Oktober;30;-4.1;-3.9;28.3;29.2;1846;1166;1916;2100
2016;Oktober;31;;-4.6;;26.7;1410;1506;151;2422
2016;November;1;-3.6;-3.8;27.3;34.6;1260;1581;66;1767
2016;November;2;-3;-3.3;33.7;28.1;1233;1323;65;746
2016;November;3;-3.6;-6.6;34.9;34.4;1005;1007;1802;3085
2016;November;4;-2.9;-4.2;27.5;26.7;1474;1344;1251;2726
2016;November;5;-3.2;;27;;1740;;878;
2016;November;6;-4.1;-3.1;33.6;30.8;1566;1673;1669;1910
2016;November;7;-4.7;-5.7;30.5;23.4;1308;1311;1746;3034
2016;November;8;-3;-6.4;22.5;26.4;1377;1248;1447;3375
2016;November;9;-2.5;-3.3;29.8;38.1;1188;1499;1443;1094
2016;November;10;-3.3;-2.3;31.6;37.5;1508;1216;1372;774
2016;November;11;-3.5;-0.7;34.5;36.2;2445;1474;1126;7
2016;November;12;-2.6;-2.9;33.9;35.4;1616;1221;1451;851
2016;November;13;-4.1;-5.2;33.9;33.9;1428;1869;1919;2950
2016;November;14;-3.1;-3.4;35.4;34.2;1040;1510;1700;847
2016;November;15;-3.9;-5.3;35.8;35.5;1106;1046;1639;1646
2016;November;16;-2.9;-4;34.8;35.9;1389;1486;1345;1113
2016;November;17;-2.9;-3.4;33.3;33.6;1759;1177;1163;1745
2016;November;18;-4.8;-4.5;35.7;33.1;1223;1390;1531;2420
2016;November;19;-4;-5.1;33;30.6;1365;1439;1647;2235
2016;November;20;-3.2;-4.9;30.8;25.7;1485;2614;1224;21
2016;November;21;-3.6;-5;29.4;31.2;1403;1322;1880;3472
2016;November;22;-5.2;-5.4;26.1;33.7;1492;1407;2709;2396
2016;November;23;-4.2;-3.9;32.9;33.5;1532;1194;1604;1960
2016;November;24;-4.2;-1.7;33.1;37.5;1708;969;1979;328
2016;November;25;-3.7;-1.8;33.6;37.2;1698;1147;1190;478
2016;November;26;-4.2;-3.5;36.5;35.3;1279;1434;1758;1361
2016;November;27;0.5;-6;30.6;35.6;1993;1511;0;3347
2016;November;28;-4.6;-6.8;33;36.4;1343;1242;2565;3608
2016;November;29;-4.4;-5.3;34;38.1;1203;1022;2098;2561
2016;November;30;-3.2;-5.8;31;36.5;1456;1149;1065;2981
2017;September;1;3.3;0.2;1.5;18;3227;1795;0;1
2017;September;2;3;-1.7;3.5;22.3;2147;1557;2;50
2017;September;3;1.9;-0.8;17.5;31.5;2008;1562;2;54
2017;September;4;-0.9;-1.5;29.1;28.7;2093;1346;0;21
2017;September;5;-1.7;0.4;26.7;3.9;539;2548;1;5
2017;September;6;-0.4;-0.1;4.7;3.7;1375;2016;12;18
2017;September;7;-0.1;-1.2;4.5;11.2;1705;1383;11;113
2017;September;8;0.5;-2.1;26.3;27.3;2872;1692;2;840
2017;September;9;-3.7;-6.5;6.4;28.3;1645;1354;4;2486
2017;September;10;-2.2;1;18.9;20.2;1291;1728;186;1
2017;September;11;0.9;0.7;11.9;16.1;2378;2874;177;0
2017;September;12;2.9;-2;21.3;24.9;3013;1802;0;153
2017;September;13;2.6;-1.8;17.5;30.5;2012;1816;0;236
2017;September;14;1;-1.3;21.9;18.7;2482;2133;3;32
2017;September;15;0.8;0.2;15.7;16.5;2633;2341;1;37
2017;September;16;-0.3;0.2;25.5;20.7;1555;2212;2;15
2017;September;17;0.8;-1.8;25;26.3;1482;1521;2;859
2017;September;18;-0.6;1;4.9;-3.1;1917;2156;24;13
2017;September;19;3.9;4.6;1.1;3.7;3738;3663;0;23
2017;September;20;2.9;0.7;1.3;1.1;1955;3773;4;4
2017;September;21;2.6;0.6;-1.3;26.6;2987;2012;0;1
2017;September;22;0.8;-2.1;28.8;34.9;2457;2087;7;358
2017;September;23;-1.8;-3.1;35.3;33.9;1680;2223;3;15
2017;September;24;-2.1;;36;;1618;;95;
2017;September;25;-1.6;-5.1;33.5;37.2;1868;1345;651;2845
2017;September;26;-2.8;-3.8;32.9;37.4;1304;1200;107;2015
2017;September;27;;-4.1;;36.7;;1002;;2407
2017;September;28;-5;;26.7;;1791;;2814;
2017;September;29;-2.9;-2.7;19.1;34.9;1738;1388;743;1209
2017;September;30;-2.7;-3.3;19.3;17.2;1653;1349;19;71
2017;Oktober;1;-1.7;-4.3;28.6;31.4;843;872;-62;1600
2017;Oktober;2;-3.4;-1.7;30.1;23.2;876;871;952;-1
2017;Oktober;3;-2.5;-3;22;35.5;817;809;19;1173
2017;Oktober;4;-2.5;-3.3;33.4;32.7;843;837;569;1307
2017;Oktober;5;-0.6;-2.2;27.9;28.5;828;832;-99;881
2017;Oktober;6;-3.7;-3.8;15.3;30.6;805;821;616;1947
2017;Oktober;7;-3.9;-4.8;25.5;30.5;829;871;1173;2127
2017;Oktober;8;-2.9;-1.5;28.4;29.6;853;851;916;1297
2017;Oktober;9;-3.5;-4.8;24.5;23.9;841;845;-21;1825
2017;Oktober;10;-3.1;-3.5;19.7;25.5;859;833;1266;1738
2017;Oktober;11;-2.8;-3.7;23.9;19.1;871;670;1131;1793
2017;Oktober;12;-3.9;-4.6;32.2;8.1;857;778;2024;1281
2017;Oktober;13;-3.5;-3.4;33.4;35.4;828;796;-53;1370
2017;Oktober;14;-0.1;0.1;26.1;19.3;786;755;119;-4.6
2017;Oktober;15;-0.8;-4.8;34.4;37.1;827;821;-90;714
2017;Oktober;16;-3.6;-3.3;36.2;38.3;853;881;1466;700
2017;Oktober;17;-4.2;-4.3;32.3;27.3;869;876;2487;2139
2017;Oktober;18;-5.7;-1.3;31.3;36.1;845;843;2557;845
2017;Oktober;19;-2.3;0.3;34.4;33.8;805;834;958;-124
2017;Oktober;20;-3;-5.4;27.7;30.9;794;791;734;3157
2017;Oktober;21;-2.8;-1.6;17.5;30.5;779;836;271;-36
2017;Oktober;22;0;0.2;17.5;24.8;772;829;-237;-144
2017;Oktober;23;0;-8.2;29.3;42;779;863;-86;1958
2017;Oktober;24;-0.7;-3.1;34.5;33.1;891;852;647;1410
2017;Oktober;25;-3.1;-3;33.1;30.9;852;863;1410;1738
2017;Oktober;26;-3.8;-4.4;34.3;35.6;865;864;1838;2779
2017;Oktober;27;-4.5;-3.4;33.2;32;847;859;2175;1664
2017;Oktober;28;-1.7;-1.7;14.3;31.4;831;813;718;1977
2017;Oktober;29;-2.4;0;20.5;16.5;860;825;1658;-23
2017;Oktober;30;-0.5;1.8;15.5;13.1;824;769;-103;-111
2017;Oktober;31;-0.7;-2.3;18.5;21.3;778;784;-192;-110
2017;November;1;1.7;-1.2;18.5;25.4;2022;3280;19;230
2017;November;2;-3.4;-2.3;22.1;32;1440;1724;1080;782
2017;November;3;-3.5;-4.2;31.9;30.6;1961;1740;1108;1905
2017;November;4;-2.7;-3.9;29.5;-8.6;2039;1291;833;1371
2017;November;5;-3.4;-4;35.7;35.2;1794;1597;987;1687
2017;November;6;-4.6;-1.2;32.9;35.3;1662;1516;1981;346
2017;November;7;-6.1;-1.5;34.6;32.8;1886;1412;1882;1257
2017;November;8;-7.8;-5.4;37.8;34.4;1349;1550;2046;2505
2017;November;9;-1.9;-4.2;25.5;36.8;1890;1967;854;1512
2017;November;10;-1.3;-3.8;28.7;25.5;1756;1384;4;2229
2017;November;11;-4.1;-3.6;30.7;31;1523;1267;12;1747
2017;November;12;-3.9;-4.7;29.7;33.7;1540;1192;2245;2305
2017;November;13;-5.6;-0.2;32.6;35.5;1181;1974;2751;57
2017;November;14;-2.3;-4.5;33.9;36.6;1974;1200;502;1564
2017;November;15;-3;-3.5;34.3;34.6;1208;1952;1153;983
2017;November;16;-3.9;-1.9;36.1;34.9;1364;801;1718;582
2017;November;17;-1.1;;36.3;;1553;1178;336;
2017;November;18;-4.5;-2.3;33.9;31.5;1703;1166;2611;509
2017;November;19;-2.2;-4.5;34.7;36;1553;895;26;2308
2017;November;20;-2.8;-2.5;34.6;37;1436;1133;798;5
2017;November;21;-4.2;-3.4;37.4;35.6;1279;1044;1145;1471
2017;November;22;-4.7;-2.6;33.9;39.2;1602;1215;2562;715
2017;November;23;-4;;34.7;;1546;273;1282;8800
2017;November;24;-4.5;-1.2;37.4;36.7;1487;1400;1369;281
2017;November;25;-1.6;0.8;35.2;38.4;1412;911;407;82
2017;November;26;-2.5;-3.5;33;35;1121;930;740;1423
2017;November;27;-4.4;-2.8;36.2;37.8;1711;641;2186;925
2017;November;28;-2.5;-2.2;36.5;39.2;1529;847;1238;319
2017;November;29;-1.3;-2.9;32;37.8;1658;1310;747;1185
2017;November;30;-3.9;-0.7;34.9;34;1370;1346;1607;0
2018;September;1;1.6;-0.4;27.9;27.9;1344;1587;27;893
2018;September;2;0.2;-3.2;21.7;14.2;1424;1541;2;53
2018;September;3;3.1;3.4;9.7;7.5;3452;3366;0;0
2018;September;4;3.7;0.8;24.9;30.2;3174;2008;0;101
2018;September;5;4.9;-1.9;29.4;27.1;2238;2456;0;1379
2018;September;6;2.0;-3.2;26.9;28.2;2466;2302;0;1123
2018;September;7;-1.2;-0.6;24.7;23.5;2752;2325;8;209
2018;September;8;2.7;-3.8;23.9;25.5;2673;2163;0;2039
2018;September;9;1.0;1.2;18.1;23.1;1719;2620;1;3
2018;September;10;0.5;1.3;23.1;21.5;2882;2534;10;0
2018;September;11;2.4;0.6;-1.5;7.3;3122;3171;0;2
2018;September;12;1.6;4.1;2.3;-6.5;1656;2495;27;0
2018;September;13;6.4;-0.6;-7.3;-3.9;3744;2073;0;31
2018;September;14;3.6;1.1;-6.1;-8.1;1816;1732;13;47
2018;September;15;2.4;5.5;-10.1;-8.3;1868;2113;15;8
2018;September;16;26.2;0.8;6.9;17.1;2780;2307;0;35
2018;September;17;0.9;-1.2;33.6;30.2;2207;2370;17;233
2018;September;18;-0.8;-3.1;23.9;31.8;2856;1697;30;335
2018;September;19;0.3;-3.5;29;30.9;1927;1429;157;1612
2018;September;20;-1.6;-2;29.9;25.4;1904;2161;261;348
2018;September;21;-0.1;-2.6;19.7;29.1;2503;1953;0;955
2018;September;22;-2.2;-3.4;24.5;9.5;1756;2449;25;60
2018;September;23;0.7;-1.6;15.3;14.5;2006;2184;19;92
2018;September;24;3.0;4.3;21.3;26.5;2018;2652;0;0
2018;September;25;0.3;-2.8;13.5;31.4;1975;2990;0;772
2018;September;26;1.1;-1.9;25.9;34.7;1758;2059;0;167
2018;September;27;2.8;2.8;-7.7;0.9;2548;2336;0;4
2018;September;28;5.4;0;-12.5;7.1;3769;3740;0;20
2018;September;29;2.9;-1.4;8.8;20.1;2250;1868;0;1
2018;September;30;2.2;-2.5;6.5;13.5;2242;1798;0;77
2018;Oktober;1;0.4;-2.6;14.7;15.5;1880;1709;7;1243
2018;Oktober;2;0.1;-2.5;23.1;16.1;3942;2063;62;1190
2018;Oktober;3;1.4;-2.2;12.3;34.8;1307;1826;0;154
2018;Oktober;4;2.5;-0.1;-4.1;-2.7;2255;1953;0;33
2018;Oktober;5;-1.7;-4.5;-7.9;9.1;1791;2904;0;16
2018;Oktober;6;0.2;-1.5;23.9;12.5;2790;2285;1;30
2018;Oktober;7;-0.2;1.9;13.5;-1.5;2944;2414;10;1
2018;Oktober;8;1.9;-0.3;-4.5;1.9;3047;2692;0;24
2018;Oktober;9;3.0;-0.5;7.1;-0.5;2144;1867;0;16
2018;Oktober;10;0.6;2.1;23.3;-9.3;2472;4468;10;0
2018;Oktober;11;1.3;-1.7;-7.9;-11.5;2527;3697;22;192
2018;Oktober;12;-1.2;;9.3;;1872;;5;0
2018;Oktober;13;-1.3;0;8;10.9;1207;2743;24;2
2018;Oktober;14;-1.1;-4;10.9;25.1;1871;1753;3;1552
2018;Oktober;15;-1.7;-1.8;11.3;8.9;1608;1941;1;1281
2018;Oktober;16;-0.2;-2.7;1.5;24.5;2097;1862;5;2154
2018;Oktober;17;1.2;-4.1;27.6;29.3;1914;1988;37;2403
2018;Oktober;18;2.2;-0.3;30.9;18.5;2119;2432;103;1
2018;Oktober;19;-1.3;0.7;30.5;22.5;2084;2079;24;1
2018;Oktober;20;-0.1;-1.7;17.9;9.1;2249;1847;1;15
2018;Oktober;21;-1.2;-2.2;10.9;24.8;1647;1715;11;1040
2018;Oktober;22;-1.3;-2.4;20.5;29.7;2483;1755;366;17
2018;Oktober;23;-1.9;-5.2;23.1;29.5;1935;2005;1021;2071
2018;Oktober;24;-2.3;-3;24.7;26.9;2323;1402;625;677
2018;Oktober;25;-0.3;-5.9;30.3;30.5;1665;1928;57;3315
2018;Oktober;26;-0.3;-3;20.3;27.1;2117;1891;20;1133
2018;Oktober;27;-3.0;-3.1;27.1;12.9;1891;1904;1133;71
2018;Oktober;28;2.5;-1.5;1.3;23.9;1604;1469;13;87
2018;Oktober;29;1.0;-0.5;13.9;28.6;1676;1882;0;30
2018;Oktober;30;-0.6;-2.6;8.1;31.1;1966;2440;42;72
2018;Oktober;31;0.1;-0.7;-0.5;7.7;1752;2199;4;69
2018;November;1;0.5;-1.9;-7.1;-1.5;1747;3994;10;28
2018;November;2;0.9;-4.4;24.9;32.2;2017;1910;0;1889
2018;November;3;-0.6;0.3;26.3;26.6;1594;2117;0;37
2018;November;4;0.0;-4.3;21.1;25.1;2212;1703;202;2713
2018;November;5;-2.7;-3.9;19;27.9;1262;2027;11;1608
2018;November;6;-2.5;-3.2;34;31.8;1586;1729;796;1427
2018;November;7;-2.5;-1.2;31.7;28.6;1595;1463;1001;1
2018;November;8;-0.8;-3.6;36.3;37.5;1261;1289;112;1408
2018;November;9;-5.3;-4.5;37.8;35.1;1190;1435;1781;2648
2018;November;10;-2.9;-3.6;32.2;33;1535;1427;1260;1979
2018;November;11;-1.7;-3.2;15.3;10.3;1865;2015;763;713
2018;November;12;-2.3;-4.1;33.4;29.1;1669;1461;1124;2359
2018;November;13;-4.3;-3.8;32.5;29.4;1103;1425;2510;2412
2018;November;14;-3.5;-3.5;32.4;22.1;1441;2238;1542;1314
2018;November;15;-4.0;-3.3;22.5;32.9;1678;1825;1500;1229
2018;November;16;-3.7;-2.2;30.5;26.4;2041;1850;1242;690
2018;November;17;-2.7;-6.2;28.1;28.5;2260;1444;1075;673
2018;November;18;-2.1;-4.3;28.1;31.9;1701;2116;492;2292
2018;November;19;-6.3;-1;22.1;23.6;1956;1913;3694;3
2018;November;20;-4.7;-3.7;28.5;36.5;2146;1559;1242;1975
2018;November;21;-0.8;-0.3;19.9;34.4;2163;1459;379;109
2018;November;22;-2.2;-2.8;21.5;22.3;1855;2071;1;680
2018;November;23;-0.6;-2.3;5.2;33.5;2551;1256;2;18
2018;November;24;3.4;-5;4.9;30.6;1846;1536;0;2878
2018;November;25;-2.3;-1.1;33.5;37.7;1256;1276;18;155
2018;November;26;-3.1;-2.7;35;34;1197;1289;1365;891
2018;November;27;-2.7;-3.8;33.1;33.6;1292;1202;948;1779
2018;November;28;-4.5;;30.9;;1525;;1780;0
2018;November;29;;-3.8;;38.4;;1214;;1717
2018;November;30;-3.5;-3.9;37.4;41.8;995;1103;1329;603
2019;September;1;3.7;-1.3;13.9;20.5;2043;2244;0;273
2019;September;2;3.1;-1.8;17.5;13.5;2452;1743;47;14
2019;September;3;1.6;2.6;4.3;12.3;1219;1889;;3
2019;September;4;1.9;0.2;4.5;-8.7;1990;2494;0;14
2019;September;5;4.5;0;-17.1;-12.6;4109;2109;0;26
2019;September;6;2;;-6.3;;3745;;;
2019;September;7;0;-4;-9.5;-6.3;3564;1907;;336
2019;September;8;0;-3;-1.9;-4;2154;2798;4;303
2019;September;9;-3;-4;18.9;;1951;3106;87;1538
2019;September;10;2;-2;-1.5;18;3778;2396;;1104
2019;September;11;2;2;13.8;14.9;1988;1640;36;145
2019;September;12;7;;-18.5;;3300;;;
2019;September;13;7;3;-17.4;-1.2;2175;2663;3;69
2019;September;14;5;-1;6.7;;1944;2485;;58
2019;September;15;2;-1;13.2;17.1;1796;1585;;142
2019;September;16;0;-4;14.1;22;922;3224;30;315
2019;September;17;-1;-1;18.7;11.9;2469;3009;112;291
2019;September;18;1;0;6;12.3;2827;2905;106;120
2019;September;19;1;-1;-2.9;6.5;2874;2015;;105
2019;September;20;4;-1;4.7;10.5;2022;4314;;134
2019;September;21;3;11.7;11.7;10.3;2737;153.4;;0
2019;September;22;2;-4;14.7;11.4;2306;1966;;401
2019;September;23;2;-1;18.7;20.7;2223;2137;16;339
2019;September;24;1;-2;19.5;22.8;2329;1932;6;1132
2019;September;25;2;-1;15.3;23.6;2309;2530;7;207
2019;September;26;0;-3;23.3;24.1;1542;2013;447;1455
2019;September;27;0;-3;9.4;27.5;1741;1967;225;886
2019;September;28;-1;-19.8;27.2;11.3;2011;1570;289;2400
2019;September;29;0;;9.6;;2220;;262;
2019;September;30;3;-1;-2.4;24.9;2239;2172;;945
2019;Oktober;1;0;-2;6.4;26.9;2957;2573;12;1093
2019;Oktober;2;-1;-4;25.7;31.1;2008;2020;283;1818
2019;Oktober;3;-3;-2;22.3;28;2679;2525;433;1868
2019;Oktober;4;0;-1;11.3;14.4;2383;2883;106;521
2019;Oktober;5;5;4;-7.3;13.3;4424;3219;;3
2019;Oktober;6;1;0;14.8;30.8;2467;2795;15;83
2019;Oktober;7;-1;-1;27.2;;2103;2833;331;445
2019;Oktober;8;1;-3;25.1;34.5;1736;2498;9;1271
2019;Oktober;9;-1;-4;28;31.4;1632;2462;107;812
2019;Oktober;10;-3;-5;25.9;;2344;2466;171;1634
2019;Oktober;11;-1;-1;8;7.2;2626;3146;597;616
2019;Oktober;12;1;-2;17.6;20.4;1508;3432;7;475
2019;Oktober;13;-2;-2;25.2;14.8;2413;2386;158;483
2019;Oktober;14;0;-4;9.5;19.3;2217;1651;3;685
2019;Oktober;15;-1;-3;21.2;27.5;2353;1903;221;1376
2019;Oktober;16;-1;-30;22.5;11.6;1714;1641;90;
2019;Oktober;17;1;0;4.5;9.7;1652;1873;39;69
2019;Oktober;18;4;-3;20.3;32.3;3083;1656;;1116
2019;Oktober;19;-1;-2;27.5;-5.4;2258;2869;123;1284
2019;Oktober;20;0;1;-5.2;-2.9;2644;2875;204;
2019;Oktober;21;0;1;7.7;5.6;2765;3667;104;4
2019;Oktober;22;;;;;;;;
2019;Oktober;23;;;;;;;;
2019;Oktober;24;;;;;;;;
2019;Oktober;25;;;;;;;;
2019;Oktober;26;;;;;;;;
2019;Oktober;27;;;;;;;;
2019;Oktober;28;;;;;;;;
2019;Oktober;29;;;;;;;;
2019;Oktober;30;;;;;;;;
2019;Oktober;31;;;;;;;;
2019;November;1;;;;;;;;
2019;November;2;;;;;;;;
2019;November;3;;;;;;;;
2019;November;4;;;;;;;;
2019;November;5;;;;;;;;
2019;November;6;;;;;;;;
2019;November;7;;-2;;17.9;;2379;;948
2019;November;8;0;-3;28.8;28;1908;2323;1124;1629
2019;November;9;-2;-4;32.2;31.5;2185;1970;765;1684
2019;November;10;-3;-5;27.4;30.9;1862;1997;1544;2169
2019;November;11;-5;-5;28.1;34.4;1854;2258;1159;842
2019;November;12;-2;-3;25.8;28.2;1841;1667;773;2083
2019;November;13;-4;-6;32.1;35.3;1600;2069;1994;3200
2019;November;14;-4;-4;15.7;-;1744;1923;1533;1958
2019;November;15;-3;-2;9.9;17.7;2433;2472;902;600
2019;November;16;1;-2;21;20.6;2459;1619;105;2227
2019;November;17;-2;-2;19.7;11.4;2604;2720;777;1403
2019;November;18;-2;-3;18.7;17.9;2178;3293;1374;1455
2019;November;19;-2;-4;18.5;26.9;1995;2178;412;1549
2019;November;20;-3;-3;24.6;26.9;1708;2156;1141;963
2019;November;21;-2;-4;25.7;33.4;1327;1779;903;1896
2019;November;22;-2;-3;22.9;21.7;1643;2554;279;974
2019;November;23;-1;-4;1.1;10.9;1878;1882;393;1447
2019;November;24;-4;-4;19.5;27.1;1350;1492;1276;2082
2019;November;25;-2;-3;25;33.5;1203;1786;580;1550
2019;November;26;-4;-5;23.4;36.4;1701;1002;1176;2880
2019;November;27;-4;-4;32.5;34.4;797;1460;1466;1896
2019;November;28;-4;-2;34;35.1;1428;1839;1416;725
2019;November;29;-3;-4;36.9;31.5;1463;1946;936;2226
2019;November;30;-3;-4;32.7;28.1;1384;1418;1638;1708
2020;September;1;-1.0;;24.5;;1654;;12;
2020;September;2;-1.0;;35.4;;1498;;189;
2020;September;3;-1.0;;31..2;;1405;;191;
2020;September;4;-2.0;;28.5;;1486;;714;
2020;September;5;-1.0;;21.5;;2206;;232;
2020;September;6;0.0;;19.6;;1968;;49;
2020;September;7;3.0;;9.3;;2440;;0;
2020;September;8;1.0;;14.2;;1772;;55;
2020;September;9;0.0;;25.3;;1723;;99;
2020;September;10;0.0;;23;;1427;;97;
2020;September;11;2.0;;11.9;;2086;;;
2020;September;12;0.0;;26.2;;2249;;32;
2020;September;13;-1.0;;23.6;;1766;;266;
2020;September;14;1.0;;5.1;;2033;;71;
2020;September;15;2.0;;20.9;;1693;;13;
2020;September;16;3.0;;22.7;;2556;;8;
2020;September;17;0.0;;22.6;;1773;;15;
2020;September;18;1.0;;18.9;;2295;;97;
2020;September;19;-2.0;;20.5;;2126;;521;
2020;September;20;-5.9;;23.2;;2267;;876;
2020;September;21;-3.0;;31.1;;1560;;362;
2020;September;22;-4.0;;31.7;;1698;;983;
2020;September;23;-2.0;;30.1;;2105;;994;
2020;September;24;-3.0;;13.4;;3998;;626;
2020;September;25;1.0;;27.1;;1756;;406;
2020;September;26;-1.0;;15.3;;2108;;747;
2020;September;27;-1.0;;18;;1976;;852;
2020;September;28;-2.0;;30.5;;2220;;1150;
2020;September;29;1.0;;22.8;;2204;;241;
2020;September;30;;;;;;;;
2020;Oktober;1;-2;0;28.2;0;2099;0;205;0
2020;Oktober;2;-3;0;23.7;0;2166;0;729;0
2020;Oktober;3;-1;0;4.3;0;3272;0;297;0
2020;Oktober;4;-8.5;0;27.7;0;1851;0;492;0
2020;Oktober;5;3;0;28.5;0;2113;0;30;0
2020;Oktober;6;1;0;31.1;0;1954;0;64;0
2020;Oktober;7;1;0;27.5;0;1451;0;44;0
2020;Oktober;8;-3;0;22.9;0;1844;0;440;0
2020;Oktober;9;0;0;28.9;0;2069;0;52;0
2020;Oktober;10;-2;0;33.7;0;1847;0;338;0
2020;Oktober;11;-2;0;24.1;0;1510;0;734;0
2020;Oktober;12;-1;0;30.7;0;1509;0;981;0
2020;Oktober;13;-3;0;30.9;0;1554;0;394;0
2020;Oktober;14;0;0;19.6;0;1546;0;306;0
2020;Oktober;15;-1;-3;16.9;31.5;2930;1367;180;967
2020;Oktober;16;-3;-4;32.7;36.7;1640;1526;1066;1356
2020;Oktober;17;-3;0;32.7;0;2080;0;1254;0
2020;Oktober;18;-1;-3;29.9;34.4;1761;1743;397;1086
2020;Oktober;19;-2;-2;28.7;196.6;1733;1728;469;388
2020;Oktober;20;-1;-4;33.3;38;998;985;333;2037
2020;Oktober;21;-3;-4;37.5;34.9;1348;1349;986;1655
2020;Oktober;22;-5;-5;30.1;32.4;1446;1404;1572;2751
2020;Oktober;23;-4;-5;30.6;31.1;1012;1449;1621;2068
2020;Oktober;24;-3;-8;25.4;28.3;1509;1925;1136;3334
2020;Oktober;25;-5;-3;33.1;36.3;1718;1368;1490;1242
2020;Oktober;26;-3;-2;30.6;23.7;1195;1529;1647;1328
2020;Oktober;27;-3;-4;26.6;35.8;1252;1304;1469;1521
2020;Oktober;28;-3;-6;34.5;30;1475;2513;1544;3389
2020;Oktober;29;-3;-5;27.1;34;1832;1353;1219;3635
2020;Oktober;30;-1;-4;28.1;36.2;2017;1511;24;1830
2020;Oktober;31;-5;0;37.3;0;1408;1046;1087;158
2020;November;1;-3;-6;38;36.8;2106;1172;237;3437
2020;November;2;-3;-4;36.1;37.3;935;1080;995;1289
2020;November;3;-3;-3;36.2;31.5;757;1596;1569;2085
2020;November;4;-5;-5;31.9;33;1466;1350;2728;2720
2020;November;5;-4;12;34;20.7;1244;1696;2168;0
2020;November;6;0;0;0;0;0;0;0;0
2020;November;7;-3;0;14.4;13.8;1940;2378;1043;68
2020;November;8;-4;-2;21;6.1;1755;2409;1762;1153
2020;November;9;-2;0;16.7;0;1757;0;799;0
2020;November;10;-3;-2;20.7;30.7;1822;1440;488;1442
2020;November;11;-2;-5;32.7;32.9;1621;893;352;3366
2020;November;12;-6;-6;27.6;33.3;1099;1423;3101;2623
2020;November;13;-5;-1;27.7;15.5;1420;1444;1841;123
2020;November;14;-3;-6;17.9;27.1;1759;1739;1168;4276
2020;November;15;-5;-6;38.9;29.5;1472;1668;1034;2999
2020;November;16;-4;-4;29.2;28;2043;1495;1164;2317
2020;November;17;17;-4;29.1;34;1274;1974;0;2719
2020;November;18;-3;-1;23.7;19.3;1750;1913;1579;1604
2020;November;19;-4;-3;35;37.3;1474;859;2013;1981
2020;November;20;-3;-5;35.6;39.8;856;878;1683;3182
2020;November;21;-4;-5;29.3;27.5;1701;1360;1426;1640
2020;November;22;-5;-2;33.5;31.5;1375;1461;2099;400
2020;November;23;-3;0;35.3;0;1134;0;1659;0
2020;November;24;-4;-3;35.7;36.2;1570;1239;1814;1300
2020;November;25;-3;-2;36.8;36.1;1508;1266;1192;717
2020;November;26;-4;-4;37.8;34.4;1712;1458;1614;2422
2020;November;27;0;0;0;0;0;0;0;0
2020;November;28;-4;-3;36.2;34.7;1275;1309;2327;888
2020;November;29;-3;-2;39.5;35.3;1092;995;1227;724
2020;November;30;-3;-5;35.8;36.5;1452;1380;835;2335
2021;September;1;1.0;;-6.6;;2205;;46;
2021;September;2;2.0;;13.7;;2212;;3;
2021;September;3;2.0;;16.9;;2839;;1;
2021;September;4;2.1;;25.1;;2198;;0;
2021;September;5;1.0;;29.3;;1892;;17;
2021;September;6;1.0;;29.2;;1810;;277;
2021;September;7;-2.0;;26.1;;1489;;308;
2021;September;8;-1.0;;8.4;;1727;;198;
2021;September;9;1.0;;21.8;;1871;;26;
2021;September;10;0.0;;27.4;;1931;;122;
2021;September;11;-2.0;;31.0;;2006;;728;
2021;September;12;-5.0;;37.6;;1759;;1489;
2021;September;13;-6.0;;35.4;;601;;2594;
2021;September;14;-4.0;;34.7;;1181;;1725;
2021;September;15;-3.0;;35.3;;1692;;1181;
2021;September;16;-3.0;;23.5;;1830;;894;
2021;September;17;-2.0;;29.7;;1921;;1221;
2021;September;18;-4.0;;15.0;;2027;;1202;
2021;September;19;-2.0;;9.7;;1807;;688;
2021;September;20;0.0;;11.7;;1780;;137;
2021;September;21;-3.0;;26.3;;2088;;955;
2021;September;22;-1.0;;30.2;;1428;;772;
2021;September;23;-3.0;;32.6;;1591;;2008;
2021;September;24;-4.0;;32.0;;1162;;1509;
2021;September;25;-4.0;;32.0;;1162;;1509;
2021;September;26;-4.0;;34.9;;1768;;1144;
2021;September;27;-4.0;;27.8;;1423;;714;
2021;September;28;-2.0;;18.4;;1697;;60;
2021;September;29;0.0;;14.2;;2344;;17;
2021;September;30;-2.0;;18.4;;1697;;60;
2021;Oktober;1;-2;0;14.7;0;2287;0;152;0
2021;Oktober;2;-2;0;18.1;0;1723;0;366;0
2021;Oktober;3;-1;0;12.5;0;1777;0;182;0
2021;Oktober;4;-2;0;38;0;1376;0;597;0
2021;Oktober;5;-2;0;18.4;0;1697;0;60;0
2021;Oktober;6;-3;0;37.1;0;1381;0;1091;0
2021;Oktober;7;2;0;32.1;0;1431;0;0;0
2021;Oktober;8;1;0;16.2;0;2061;0;0;0
2021;Oktober;9;3;0;7.7;0;2399;0;0;0
2021;Oktober;10;-1;0;21.1;0;2800;0;46;0
2021;Oktober;11;-4;0;19.6;0;1720;0;651;0
2021;Oktober;12;1;0;15.4;0;3280;0;0;0
2021;Oktober;13;0;0;6.6;0;2132;0;227;0
2021;Oktober;14;-2;0;15.9;0;1781;0;309;0
2021;Oktober;15;-2;0;15.9;0;1781;0;309;0
2021;Oktober;16;-4;0;28.6;0;1211;0;1325;0
2021;Oktober;17;-4;0;24.6;0;1612;0;928;0
2021;Oktober;18;-4;0;31.3;0;1398;0;1199;0
2021;Oktober;19;-3;0;34.2;0;1585;0;847;0
2021;Oktober;20;0;0;32;0;1921;0;21165;0
2021;Oktober;21;-3;0;24.8;0;1423;0;1938;0
2021;Oktober;22;-5;0;23.2;0;1263;0;2913;0
2021;Oktober;23;-3;0;26.5;0;1553;0;1697;0
2021;Oktober;24;-3;0;24.5;0;1309;0;1763;0
2021;Oktober;25;-1;0;31.1;0;1641;0;526;0
2021;Oktober;26;-2;0;35.9;0;1442;0;828;0
2021;Oktober;27;-3;0;33.9;0;1668;0;1063;0
2021;Oktober;28;-3;0;33.9;0;1668;0;1063;0
2021;Oktober;29;-4;0;33.3;0;1472;0;1605;0
2021;Oktober;30;-4;0;28.3;0;1459;0;1485;0
2021;Oktober;31;-6;0;34.3;0;1150;0;3107;0
2021;November;1;-4;0;36.3;0;1234;0;1642;0
2021;November;2;-3;0;34.2;0;1315;0;773;0
2021;November;3;-2;0;36.6;0;1601;0;779;0
2021;November;4;-5;0;36.4;0;1512;0;1865;0
2021;November;5;-1;0;31.9;0;1587;0;442;0
2021;November;6;-1;0;31.9;0;1587;0;442;0
2021;November;7;-3;0;36.4;0;1406;0;1645;0
2021;November;8;-3;0;32.1;0;1184;0;1362;0
2021;November;9;-4;0;37.2;0;940;0;1973;0
2021;November;10;-4;0;38.3;0;1257;0;1298;0
2021;November;11;-4;0;36.1;0;1418;0;1316;0
2021;November;12;-3;0;38;0;1783;0;1136;0
2021;November;13;-3;0;36.7;0;1964;0;1516;0
2021;November;14;-3;0;37.1;0;1218;0;772;0
2021;November;15;-3;0;35.6;0;1303;0;915;0
2021;November;16;-4;0;36.2;0;1143;0;1749;0
2021;November;17;-4;0;37.7;0;1107;0;1224;0
2021;November;18;-3;0;30.4;0;1522;0;864;0
2021;November;19;-2;0;32.4;0;1782;0;289;0
2021;November;20;-2;0;37.5;0;1405;0;825;0
2021;November;21;-3;0;37.5;0;662;0;812;0
2021;November;22;-4;0;32.5;0;1392;0;2175;0
2021;November;23;-5;0;36.2;0;893;0;2465;0
2021;November;24;-2;0;35.3;0;918;0;629;0
2021;November;25;-3;0;37.6;0;1252;0;972;0
2021;November;26;-3;0;37.2;0;1649;0;906;0
2021;November;27;-3;0;35.6;0;1662;0;760;0
2021;November;28;-3;0;37.2;0;1831;0;1054;0
2021;November;29;0;0;33.8;0;1901;0;7367;0
2021;November;30;-3;0;36.7;0;1002;0;1304;0
2022;September;1;-2;-4;31;27.3;1643;1583;497;1250
2022;September;2;-2;-1;9.5;12.7;1837;2076;606;620
2022;September;3;1;-3;14.2;17.8;2207;2415;118;1728
2022;September;4;1;-4;29.5;28.5;2102;1528;54;2172
2022;September;5;-3;-6;21.2;23.4;1629;1338;517;3135
2022;September;6;0;-3;25.2;25.1;1418;1321;499;468
2022;September;7;-2;-4;31.4;25.5;1322;1818;288;2784
2022;September;8;-1;-3;24.5;31.4;1693;1421;573;739
2022;September;9;-2;-4;35.1;33.8;1672;593;831;2091
2022;September;10;-3;-5;28.8;24.1;1650;1654;922;2908
2022;September;11;-2;-3;31.6;26;1357;1420;1067;2210
2022;September;12;-3;-4;16.8;14.9;2261;2033;1558;2113
2022;September;13;-1;-5;7.3;31.7;2305;2238;240;2342
2022;September;14;-2;-3;18.8;36.6;2309;1747;821;1574
2022;September;15;-1;-5;26.1;23.6;1865;1341;438;2220
2022;September;16;-3;-3;30.3;36.1;1476;1549;626;2406
2022;September;17;-2;-5;25.7;19.4;2359;2316;316;2352
2022;September;18;;-4;;17;;1976;;1921
2022;September;19;-1;-3;16.1;19.4;2599;1719;243;2008
2022;September;20;-1;-4;16.9;10.2;1962;2273;198;1915
2022;September;21;-3;-5;36.6;29.9;1590;1534;1706;2421
2022;September;22;-2;-3;28.1;34.2;1832;1434;548;2633
2022;September;23;-1;-3;31.2;13.3;1869;2495;734;2796
2022;September;24;-3;-5;15.6;23.6;1724;1118;870;3486
2022;September;25;-3;-3;20.7;28.6;2308;2223;1083;2819
2022;September;26;-1;0;28.4;11.1;2302;2266;926;410
2022;September;27;-2;-5;12.3;6.5;2081;1850;640;4554
2022;September;28;-1;-2;7.2;4.7;;;131;1158
2022;September;29;0;-4;23.4;4.9;;;94;3133
2022;September;30;-2;-4;34.9;1.4;;;1267;1850
2022;Oktober;1;-3;-5;34.7;37.6;1416;1919;1095;1655
2022;Oktober;2;-4;-4;35.6;35.6;2141;1646;1346;1346
2022;Oktober;3;-3;-5;34.7;37.6;1416;1919;1095;1655
2022;Oktober;4;-4;-4;35.6;35.6;2141;1646;1346;1346
2022;Oktober;5;-3;-5;37.7;35.7;1298;1023;1296;1557
2022;Oktober;6;-2;-5;34.7;32;1644;1334;922;2058
2022;Oktober;7;-2;-5;33.7;32.2;1304;1238;869;2725
2022;Oktober;8;-4;-5;32.2;32.3;1416;2020;1493;1912
2022;Oktober;9;-2;-6;31.5;34.8;1692;913;649;3390
2022;Oktober;10;-5;-7;33;348;1373;1214;1611;4628
2022;Oktober;11;-5;-3;34.2;28.5;1593;1627;2078;1566
2022;Oktober;12;-3;-3;33.6;31.7;1508;938;889;608
2022;Oktober;13;-4;-3;30.7;31.7;1403;1528;1984;608
2022;Oktober;14;-3;-5;35.4;31.8;1350;1653;1079;2634
2022;Oktober;15;-4;-3;31.8;38.2;1234;817;1796;442
2022;Oktober;16;-4;-5;34.2;34.3;1111;877;2094;3269
2022;Oktober;17;-5;-5;38.8;34.8;1015;861;1790;3002
2022;Oktober;18;-4;-5;27.5;27.3;1389;1247;1535;3035
2022;Oktober;19;-40;-2;30.5;29.7;1083;1205;1063;1793
2022;Oktober;20;-3;-3;34.9;32;1057;1516;1017;1016
2022;Oktober;21;-1;3;35.3;35.3;1254;1048;230;3343
2022;Oktober;22;-;-6;-;35.5;871;892;318;3110
2022;Oktober;23;-4;-5;37;40.9;1019;566;2224;2504
2022;Oktober;24;-1;-6;33.1;33.5;1961;1015;178;3400
2022;Oktober;25;-2;-3;35.1;36.3;1686;1686;1353;475
2022;Oktober;26;-2;-4;35.1;33.3;1375;879;1353;2242
2022;Oktober;27;-3;-5;34.4;36.5;1391;1391;1326;1759
2022;Oktober;28;-3;-2;37.5;35.7;1389;1072;1810;453
2022;Oktober;29;-4;-5;31.6;-8.3;1873;1261;1044;2066
2022;Oktober;30;1;-1;25.3;16.8;1778;1454;16;-29
2022;Oktober;31;3;0;19.2;34.9;1669;1341;1;-31
2022;November;1;-3;-3;32.1;37.4;1088;1193;1009;2911
2022;November;2;-3;-5;34.9;28;1308;1312;1135;2956
2022;November;3;-6;-4;31.3;31.6;1088;1466;1485;3126
2022;November;4;-5;-6;34.4;33.9;1251;1186;1948;3302
2022;November;5;-5;-4;34.4;29.4;1321;1846;2479;1863
2022;November;6;-5;-4;35.8;35.5;1273;1284;2043;1420
2022;November;7;-3;-4;34.1;30.6;1455;1772;1255;1379
2022;November;8;-2;-6;30.8;34.7;1251;1289;512;2694
2022;November;9;-2;-5;34.9;36.9;806;1639;1100;2711
2022;November;10;-4;-5;36.2;34.8;780;350;1592;3093
2022;November;11;-4;-4;37.7;33.5;939;939;1756;2422
2022;November;12;-3;-5;34.5;36.2;1126;1266;866;2830
2022;November;13;-5;-5;35.5;35.5;995;1149;3087;3263
2022;November;14;-4;-4;35.8;37.4;1100;973;1403;2911
2022;November;15;-3;-5;35.3;34.1;1141;1067;1284;2974
2022;November;16;-4;-5;37.2;35.8;966;1722;1277;1871
2022;November;17;-4;-2;34.1;35;1008;1473;1455;563
2022;November;18;-3;-3;35.2;37.8;1620;2065;931;849
2022;November;19;-2;-3;34.7;5.2;1472;1360;269;1964
2022;November;20;-1;-1;34.2;32.2;1021;2234;567;111
2022;November;21;-1;-2;25.6;36.8;1558;1216;120;500
2022;November;22;-3;-6;34.6;30.3;1045;1240;2010;3053
2022;November;23;-4;-4;33;34.1;1187;1160;2105;2437
2022;November;24;-3;-1;33.3;37.1;1336;1180;1681;302
2022;November;25;-4;-3;32.9;35.2;867;1107;1636;2264
2022;November;26;-4;-3;35.6;37.7;1072;1121;1744;1048
2022;November;27;-4;-5;34.2;33.4;1480;1052;1777;2713
2022;November;28;-43;-6;37.4;38.3;1386;988;3647;2956
2022;November;29;-4;-3;36.4;34.2;1316;1384;1809;661
2022;November;30;-4;-2;33.8;36.2;1569;1365;1268;796
;;;;;;;;;;
;;;;;;;;;;
;;;;;;;;;;
;;;;;;;;;;
;;;;;;;;;;
;;;;;;;;;;
;;;;;;;;;;
;;;;;;;;;;
;;;;;;;;;;
;;;;;;;;;;
;;;;;;;;;;
;;;;;;;;;;
;;;;;;;;;;
;;;;;;;;;;
;;;;;;;;;;
;;;;;;;;;;
;;;;;;;;;;
;;;;;;;;;;
;;;;;;;;;;
;;;;;;;;;;
;;;;;;;;;;
;;;;;;;;;;
;;;;;;;;;;
;;;;;;;;;;
;;;;;;;;;;
;;;;;;;;;;
;;;;;;;;;;
;;;;;;;;;;
;;;;;;;;;;
;;;;;;;;;;
;;;;;;;;;;
;;;;;;;;;;
;;;;;;;;;;
;;;;;;;;;;
;;;;;;;;;;
;;;;;;;;;;
;;;;;;;;;;
;;;;;;;;;;
;;;;;;;;;;
;;;;;;;;;;
;;;;;;;;;;
;;;;;;;;;;
;;;;;;;;;;
;;;;;;;;;;
;;;;;;;;;;
;;;;;;;;;;
;;;;;;;;;;
;;;;;;;;;;
;;;;;;;;;;
;;;;;;;;;;
;;;;;;;;;;
;;;;;;;;;;
;;;;;;;;;;
;;;;;;;;;;
;;;;;;;;;;
;;;;;;;;;;
;;;;;;;;;;
;;;;;;;;;;
;;;;;;;;;;
;;;;;;;;;;
;;;;;;;;;;
;;;;;;;;;;
;;;;;;;;;;
;;;;;;;;;;
;;;;;;;;;;
;;;;;;;;;;
;;;;;;;;;;
;;;;;;;;;;
;;;;;;;;;;
;;;;;;;;;;
;;;;;;;;;;
;;;;;;;;;;
;;;;;;;;;;
;;;;;;;;;;
;;;;;;;;;;
;;;;;;;;;;
;;;;;;;;;;
;;;;;;;;;;
;;;;;;;;;;
;;;;;;;;;;
;;;;;;;;;;
;;;;;;;;;;
;;;;;;;;;;
;;;;;;;;;;
;;;;;;;;;;
;;;;;;;;;;
;;;;;;;;;;
;;;;;;;;;;
;;;;;;;;;;
;;;;;;;;;;
;;;;;;;;;;
;;;;;;;;;;
;;;;;;;;;;
;;;;;;;;;;
;;;;;;;;;;
;;;;;;;;;;
;;;;;;;;;;
;;;;;;;;;;
;;;;;;;;;;
;;;;;;;;;;
;;;;;;;;;;
;;;;;;;;;;
;;;;;;;;;;
;;;;;;;;;;
;;;;;;;;;;
;;;;;;;;;;
;;;;;;;;;;
;;;;;;;;;;
;;;;;;;;;;
;;;;;;;;;;
;;;;;;;;;;
;;;;;;;;;;
;;;;;;;;;;
;;;;;;;;;;
;;;;;;;;;;
;;;;;;;;;;
;;;;;;;;;;
;;;;;;;;;;
;;;;;;;;;;
;;;;;;;;;;
;;;;;;;;;;
;;;;;;;;;;
;;;;;;;;;;
;;;;;;;;;;
;;;;;;;;;;
;;;;;;;;;;
;;;;;;;;;;
;;;;;;;;;;
;;;;;;;;;;
;;;;;;;;;;
;;;;;;;;;;
;;;;;;;;;;
;;;;;;;;;;
;;;;;;;;;;
;;;;;;;;;;
;;;;;;;;;;
;;;;;;;;;;
;;;;;;;;;;
;;;;;;;;;;
;;;;;;;;;;
;;;;;;;;;;
;;;;;;;;;;
;;;;;;;;;;
;;;;;;;;;;
;;;;;;;;;;
;;;;;;;;;;
;;;;;;;;;;
;;;;;;;;;;
;;;;;;;;;;
;;;;;;;;;;
;;;;;;;;;;
;;;;;;;;;;
;;;;;;;;;;
;;;;;;;;;;
;;;;;;;;;;
;;;;;;;;;;
;;;;;;;;;;
;;;;;;;;;;
;;;;;;;;;;
;;;;;;;;;;
;;;;;;;;;;
;;;;;;;;;;
;;;;;;;;;;
;;;;;;;;;;
;;;;;;;;;;
;;;;;;;;;;
;;;;;;;;;;
;;;;;;;;;;
;;;;;;;;;;
;;;;;;;;;;
;;;;;;;;;;
;;;;;;;;;;
;;;;;;;;;;
;;;;;;;;;;
;;;;;;;;;;
;;;;;;;;;;
;;;;;;;;;;
;;;;;;;;;;
;;;;;;;;;;
;;;;;;;;;;
;;;;;;;;;;
;;;;;;;;;;
;;;;;;;;;;
;;;;;;;;;;
;;;;;;;;;;
;;;;;;;;;;
;;;;;;;;;;
;;;;;;;;;;
;;;;;;;;;;
;;;;;;;;;;
;;;;;;;;;;
;;;;;;;;;;
;;;;;;;;;;
;;;;;;;;;;
;;;;;;;;;;
;;;;;;;;;;
;;;;;;;;;;
;;;;;;;;;;
;;;;;;;;;;
;;;;;;;;;;
;;;;;;;;;;
;;;;;;;;;;
;;;;;;;;;;
;;;;;;;;;;
;;;;;;;;;;
;;;;;;;;;;
;;;;;;;;;;
;;;;;;;;;;
;;;;;;;;;;
;;;;;;;;;;
;;;;;;;;;;
;;;;;;;;;;
;;;;;;;;;;
;;;;;;;;;;
;;;;;;;;;;
;;;;;;;;;;
;;;;;;;;;;
;;;;;;;;;;
;;;;;;;;;;
;;;;;;;;;;
;;;;;;;;;;
;;;;;;;;;;
;;;;;;;;;;
;;;;;;;;;;
;;;;;;;;;;
;;;;;;;;;;
;;;;;;;;;;
;;;;;;;;;;
;;;;;;;;;;
;;;;;;;;;;
;;;;;;;;;;
;;;;;;;;;;
;;;;;;;;;;
;;;;;;;;;;
;;;;;;;;;;
;;;;;;;;;;
;;;;;;;;;;
;;;;;;;;;;
;;;;;;;;;;
;;;;;;;;;;
;;;;;;;;;;
;;;;;;;;;;
;;;;;;;;;;
;;;;;;;;;;
;;;;;;;;;;
;;;;;;;;;;
;;;;;;;;;;
;;;;;;;;;;
;;;;;;;;;;
;;;;;;;;;;
;;;;;;;;;;
;;;;;;;;;;
;;;;;;;;;;
;;;;;;;;;;
;;;;;;;;;;
;;;;;;;;;;
;;;;;;;;;;
;;;;;;;;;;
;;;;;;;;;;
;;;;;;;;;;
;;;;;;;;;;
;;;;;;;;;;
;;;;;;;;;;
;;;;;;;;;;
;;;;;;;;;;
;;;;;;;;;;
;;;;;;;;;;
;;;;;;;;;;
;;;;;;;;;;
;;;;;;;;;;
;;;;;;;;;;
;;;;;;;;;;
;;;;;;;;;;
;;;;;;;;;;
;;;;;;;;;;
;;;;;;;;;;
;;;;;;;;;;
;;;;;;;;;;
;;;;;;;;;;
;;;;;;;;;;
;;;;;;;;;;
;;;;;;;;;;
;;;;;;;;;;
;;;;;;;;;;
;;;;;;;;;;
;;;;;;;;;;
;;;;;;;;;;
;;;;;;;;;;
;;;;;;;;;;
;;;;;;;;;;
;;;;;;;;;;
;;;;;;;;;;
;;;;;;;;;;
;;;;;;;;;;
;;;;;;;;;;
;;;;;;;;;;
;;;;;;;;;;
;;;;;;;;;;
;;;;;;;;;;
;;;;;;;;;;
;;;;;;;;;;
;;;;;;;;;;
;;;;;;;;;;
;;;;;;;;;;
;;;;;;;;;;
;;;;;;;;;;
;;;;;;;;;;
;;;;;;;;;;
;;;;;;;;;;
;;;;;;;;;;
;;;;;;;;;;
;;;;;;;;;;
;;;;;;;;;;
;;;;;;;;;;
;;;;;;;;;;
;;;;;;;;;;
;;;;;;;;;;
;;;;;;;;;;
;;;;;;;;;;
;;;;;;;;;;
;;;;;;;;;;
;;;;;;;;;;
;;;;;;;;;;
;;;;;;;;;;
;;;;;;;;;;
;;;;;;;;;;
;;;;;;;;;;
;;;;;;;;;;
;;;;;;;;;;
;;;;;;;;;;
;;;;;;;;;;
;;;;;;;;;;
;;;;;;;;;;
;;;;;;;;;;
;;;;;;;;;;
;;;;;;;;;;
;;;;;;;;;;
;;;;;;;;;;
;;;;;;;;;;
;;;;;;;;;;
;;;;;;;;;;
;;;;;;;;;;
;;;;;;;;;;
;;;;;;;;;;
;;;;;;;;;;
;;;;;;;;;;
;;;;;;;;;;
;;;;;;;;;;
;;;;;;;;;;
;;;;;;;;;;
;;;;;;;;;;
;;;;;;;;;;
;;;;;;;;;;
;;;;;;;;;;
;;;;;;;;;;
;;;;;;;;;;
;;;;;;;;;;
;;;;;;;;;;
;;;;;;;;;;
;;;;;;;;;;
;;;;;;;;;;
;;;;;;;;;;
;;;;;;;;;;
;;;;;;;;;;
;;;;;;;;;;
;;;;;;;;;;
;;;;;;;;;;
;;;;;;;;;;
;;;;;;;;;;
;;;;;;;;;;
;;;;;;;;;;
;;;;;;;;;;
;;;;;;;;;;
;;;;;;;;;;
;;;;;;;;;;
;;;;;;;;;;
;;;;;;;;;;
;;;;;;;;;;
;;;;;;;;;;
;;;;;;;;;;
;;;;;;;;;;
;;;;;;;;;;
;;;;;;;;;;
;;;;;;;;;;
;;;;;;;;;;
;;;;;;;;;;
;;;;;;;;;;
;;;;;;;;;;
;;;;;;;;;;
;;;;;;;;;;
;;;;;;;;;;
;;;;;;;;;;
;;;;;;;;;;
;;;;;;;;;;
;;;;;;;;;;
;;;;;;;;;;
;;;;;;;;;;
;;;;;;;;;;
;;;;;;;;;;
;;;;;;;;;;
;;;;;;;;;;
;;;;;;;;;;
;;;;;;;;;;
;;;;;;;;;;
;;;;;;;;;;
;;;;;;;;;;
;;;;;;;;;;
;;;;;;;;;;
;;;;;;;;;;
;;;;;;;;;;
;;;;;;;;;;
;;;;;;;;;;
;;;;;;;;;;
;;;;;;;;;;
;;;;;;;;;;
;;;;;;;;;;
;;;;;;;;;;
;;;;;;;;;;
;;;;;;;;;;
;;;;;;;;;;
;;;;;;;;;;
;;;;;;;;;;
;;;;;;;;;;
;;;;;;;;;;
;;;;;;;;;;
;;;;;;;;;;
;;;;;;;;;;
;;;;;;;;;;
;;;;;;;;;;
;;;;;;;;;;
;;;;;;;;;;
;;;;;;;;;;
;;;;;;;;;;
;;;;;;;;;;
;;;;;;;;;;
;;;;;;;;;;
;;;;;;;;;;
;;;;;;;;;;
;;;;;;;;;;
;;;;;;;;;;
;;;;;;;;;;
;;;;;;;;;;
;;;;;;;;;;
;;;;;;;;;;
;;;;;;;;;;
;;;;;;;;;;
;;;;;;;;;;
;;;;;;;;;;
;;;;;;;;;;
;;;;;;;;;;
;;;;;;;;;;
;;;;;;;;;;
;;;;;;;;;;
;;;;;;;;;;
;;;;;;;;;;
;;;;;;;;;;
;;;;;;;;;;
;;;;;;;;;;
;;;;;;;;;;
;;;;;;;;;;
;;;;;;;;;;
;;;;;;;;;;
;;;;;;;;;;
;;;;;;;;;;
;;;;;;;;;;
;;;;;;;;;;
;;;;;;;;;;
;;;;;;;;;;
;;;;;;;;;;
;;;;;;;;;;
;;;;;;;;;;
;;;;;;;;;;
;;;;;;;;;;
;;;;;;;;;;
;;;;;;;;;;
;;;;;;;;;;
;;;;;;;;;;
;;;;;;;;;;
;;;;;;;;;;
;;;;;;;;;;
;;;;;;;;;;
;;;;;;;;;;
;;;;;;;;;;
;;;;;;;;;;
;;;;;;;;;;
;;;;;;;;;;
;;;;;;;;;;
;;;;;;;;;;
;;;;;;;;;;
;;;;;;;;;;
;;;;;;;;;;
;;;;;;;;;;
;;;;;;;;;;
;;;;;;;;;;
;;;;;;;;;;
;;;;;;;;;;
;;;;;;;;;;
;;;;;;;;;;
;;;;;;;;;;
;;;;;;;;;;
;;;;;;;;;;
;;;;;;;;;;
;;;;;;;;;;
;;;;;;;;;;
;;;;;;;;;;
;;;;;;;;;;
;;;;;;;;;;
;;;;;;;;;;
;;;;;;;;;;
;;;;;;;;;;
;;;;;;;;;;
;;;;;;;;;;
;;;;;;;;;;
;;;;;;;;;;
;;;;;;;;;;
;;;;;;;;;;
;;;;;;;;;;
;;;;;;;;;;
;;;;;;;;;;
;;;;;;;;;;
;;;;;;;;;;
;;;;;;;;;;
;;;;;;;;;;
;;;;;;;;;;
;;;;;;;;;;
;;;;;;;;;;
;;;;;;;;;;
;;;;;;;;;;
;;;;;;;;;;
;;;;;;;;;;
;;;;;;;;;;
;;;;;;;;;;
;;;;;;;;;;
;;;;;;;;;;
;;;;;;;;;;
;;;;;;;;;;
;;;;;;;;;;
;;;;;;;;;;
;;;;;;;;;;
;;;;;;;;;;
;;;;;;;;;;
;;;;;;;;;;
;;;;;;;;;;
;;;;;;;;;;
;;;;;;;;;;
;;;;;;;;;;
;;;;;;;;;;
;;;;;;;;;;
;;;;;;;;;;
;;;;;;;;;;
;;;;;;;;;;
;;;;;;;;;;
;;;;;;;;;;
;;;;;;;;;;
;;;;;;;;;;
;;;;;;;;;;
;;;;;;;;;;
;;;;;;;;;;
;;;;;;;;;;
;;;;;;;;;;
;;;;;;;;;;
;;;;;;;;;;
;;;;;;;;;;
;;;;;;;;;;
;;;;;;;;;;
;;;;;;;;;;
;;;;;;;;;;
;;;;;;;;;;
;;;;;;;;;;
;;;;;;;;;;
;;;;;;;;;;
;;;;;;;;;;
;;;;;;;;;;
;;;;;;;;;;
;;;;;;;;;;
;;;;;;;;;;
;;;;;;;;;;
;;;;;;;;;;
;;;;;;;;;;
;;;;;;;;;;
;;;;;;;;;;
;;;;;;;;;;
;;;;;;;;;;
;;;;;;;;;;
;;;;;;;;;;
;;;;;;;;;;
;;;;;;;;;;
;;;;;;;;;;
;;;;;;;;;;
;;;;;;;;;;
;;;;;;;;;;
;;;;;;;;;;
;;;;;;;;;;
;;;;;;;;;;
;;;;;;;;;;
;;;;;;;;;;
;;;;;;;;;;
;;;;;;;;;;
;;;;;;;;;;
;;;;;;;;;;
;;;;;;;;;;
;;;;;;;;;;
;;;;;;;;;;
;;;;;;;;;;
;;;;;;;;;;
;;;;;;;;;;
;;;;;;;;;;
;;;;;;;;;;
;;;;;;;;;;
;;;;;;;;;;
;;;;;;;;;;
;;;;;;;;;;
;;;;;;;;;;
;;;;;;;;;;
;;;;;;;;;;
;;;;;;;;;;
;;;;;;;;;;
;;;;;;;;;;
;;;;;;;;;;
;;;;;;;;;;
;;;;;;;;;;
;;;;;;;;;;
;;;;;;;;;;
;;;;;;;;;;
;;;;;;;;;;
;;;;;;;;;;
;;;;;;;;;;
;;;;;;;;;;
;;;;;;;;;;
;;;;;;;;;;
;;;;;;;;;;
;;;;;;;;;;
;;;;;;;;;;
;;;;;;;;;;
;;;;;;;;;;
;;;;;;;;;;
;;;;;;;;;;
;;;;;;;;;;
;;;;;;;;;;
;;;;;;;;;;
;;;;;;;;;;
;;;;;;;;;;
;;;;;;;;;;
;;;;;;;;;;
;;;;;;;;;;
;;;;;;;;;;
;;;;;;;;;;
;;;;;;;;;;
;;;;;;;;;;
;;;;;;;;;;
;;;;;;;;;;
;;;;;;;;;;
;;;;;;;;;;
;;;;;;;;;;
;;;;;;;;;;
;;;;;;;;;;
;;;;;;;;;;
;;;;;;;;;;
;;;;;;;;;;
;;;;;;;;;;
;;;;;;;;;;
;;;;;;;;;;
;;;;;;;;;;
;;;;;;;;;;
;;;;;;;;;;
;;;;;;;;;;
;;;;;;;;;;
;;;;;;;;;;
;;;;;;;;;;
;;;;;;;;;;
;;;;;;;;;;
;;;;;;;;;;
;;;;;;;;;;
;;;;;;;;;;
;;;;;;;;;;
;;;;;;;;;;
;;;;;;;;;;
;;;;;;;;;;
;;;;;;;;;;
;;;;;;;;;;
;;;;;;;;;;
;;;;;;;;;;
;;;;;;;;;;
;;;;;;;;;;
;;;;;;;;;;
;;;;;;;;;;
;;;;;;;;;;
;;;;;;;;;;
;;;;;;;;;;
;;;;;;;;;;
;;;;;;;;;;
;;;;;;;;;;
;;;;;;;;;;
;;;;;;;;;;
;;;;;;;;;;
;;;;;;;;;;
;;;;;;;;;;
;;;;;;;;;;
;;;;;;;;;;
;;;;;;;;;;
;;;;;;;;;;
;;;;;;;;;;
;;;;;;;;;;
;;;;;;;;;;
;;;;;;;;;;
;;;;;;;;;;
;;;;;;;;;;
;;;;;;;;;;
;;;;;;;;;;
;;;;;;;;;;
;;;;;;;;;;
;;;;;;;;;;
;;;;;;;;;;
;;;;;;;;;;
;;;;;;;;;;
;;;;;;;;;;
;;;;;;;;;;
;;;;;;;;;;
;;;;;;;;;;
;;;;;;;;;;
;;;;;;;;;;
;;;;;;;;;;
;;;;;;;;;;
;;;;;;;;;;
;;;;;;;;;;
;;;;;;;;;;
;;;;;;;;;;
;;;;;;;;;;
;;;;;;;;;;
;;;;;;;;;;
;;;;;;;;;;
;;;;;;;;;;
;;;;;;;;;;
;;;;;;;;;;
;;;;;;;;;;
;;;;;;;;;;
;;;;;;;;;;
;;;;;;;;;;
;;;;;;;;;;
;;;;;;;;;;
;;;;;;;;;;
;;;;;;;;;;
;;;;;;;;;;
;;;;;;;;;;
;;;;;;;;;;
;;;;;;;;;;
;;;;;;;;;;
;;;;;;;;;;
;;;;;;;;;;
;;;;;;;;;;
;;;;;;;;;;
;;;;;;;;;;
;;;;;;;;;;
;;;;;;;;;;
;;;;;;;;;;
;;;;;;;;;;
;;;;;;;;;;
;;;;;;;;;;
;;;;;;;;;;
;;;;;;;;;;
;;;;;;;;;;
;;;;;;;;;;
;;;;;;;;;;
;;;;;;;;;;
;;;;;;;;;;
;;;;;;;;;;
;;;;;;;;;;
;;;;;;;;;;
;;;;;;;;;;
;;;;;;;;;;
;;;;;;;;;;
;;;;;;;;;;
;;;;;;;;;;
;;;;;;;;;;
;;;;;;;;;;
;;;;;;;;;;
;;;;;;;;;;
;;;;;;;;;;
;;;;;;;;;;
;;;;;;;;;;
;;;;;;;;;;
;;;;;;;;;;
;;;;;;;;;;
;;;;;;;;;;
;;;;;;;;;;
;;;;;;;;;;
;;;;;;;;;;
;;;;;;;;;;
;;;;;;;;;;
;;;;;;;;;;
;;;;;;;;;;
;;;;;;;;;;
;;;;;;;;;;
;;;;;;;;;;
;;;;;;;;;;
;;;;;;;;;;
;;;;;;;;;;
;;;;;;;;;;
;;;;;;;;;;
;;;;;;;;;;
;;;;;;;;;;
;;;;;;;;;;
;;;;;;;;;;
;;;;;;;;;;
;;;;;;;;;;
;;;;;;;;;;
;;;;;;;;;;
;;;;;;;;;;
;;;;;;;;;;
;;;;;;;;;;
;;;;;;;;;;
;;;;;;;;;;
;;;;;;;;;;
;;;;;;;;;;
;;;;;;;;;;
;;;;;;;;;;
;;;;;;;;;;
;;;;;;;;;;
;;;;;;;;;;
;;;;;;;;;;
;;;;;;;;;;
;;;;;;;;;;
;;;;;;;;;;
;;;;;;;;;;
;;;;;;;;;;
;;;;;;;;;;
;;;;;;;;;;
;;;;;;;;;;
;;;;;;;;;;
;;;;;;;;;;
;;;;;;;;;;
;;;;;;;;;;
;;;;;;;;;;
;;;;;;;;;;
;;;;;;;;;;
;;;;;;;;;;
;;;;;;;;;;
;;;;;;;;;;
;;;;;;;;;;
;;;;;;;;;;
;;;;;;;;;;
;;;;;;;;;;
;;;;;;;;;;
;;;;;;;;;;
;;;;;;;;;;
;;;;;;;;;;
;;;;;;;;;;
;;;;;;;;;;
;;;;;;;;;;
;;;;;;;;;;
;;;;;;;;;;
;;;;;;;;;;
;;;;;;;;;;
;;;;;;;;;;
