Tanggal;Terakhir;Pembukaan;Tertinggi;Terendah;Vol;Perubahan%;Vol
05/11/2024;3921.27;3953.41;3984.5;3914.24;1.60B;-0.81%;1,600,000,000
04/11/2024;3953.41;3996.29;4022.71;3939.32;5.80B;-1.23%;5,800,000,000
01/11/2024;4002.5;4008.31;4045.65;3984.02;2.83B;0.01%;2,830,000,000
31/10/2024;4002.1;3975.6;4002.1;3918.13;5.82B;0.67%;5,820,000,000
30/10/2024;3975.6;4024.43;4043.91;3950.09;2.86B;-1.14%;2,860,000,000
29/10/2024;4021.32;4006.62;4059.6;3989.47;3.61B;0.74%;3,610,000,000
28/10/2024;3991.67;4048.64;4055.25;3958.91;4.92B;-1.48%;4,920,000,000
25/10/2024;4051.74;4121.58;4138.29;4051.74;4.28B;-1.62%;4,280,000,000
24/10/2024;4118.47;4106.1;4148.57;4072.18;4.73B;0.30%;4,730,000,000
23/10/2024;4106.1;4090.22;4119.06;4047.82;5.63B;0.46%;5,630,000,000
22/10/2024;4087.12;4051.19;4104.62;4044.46;10.44B;0.96%;10,440,000,000
21/10/2024;4048.08;3962.37;4079.46;3951.27;6.80B;1.86%;6,800,000,000
18/10/2024;3974.22;3926;3981.69;3922.85;2.29B;0.92%;2,290,000,000
17/10/2024;3937.85;3894.16;3950.87;3894.1;3.30B;0.82%;3,300,000,000
16/10/2024;3906.01;3849.57;3928.19;3849.57;5.19B;1.07%;5,190,000,000
15/10/2024;3864.52;3824.27;3868.74;3815.36;4.49B;1.13%;4,490,000,000
14/10/2024;3821.16;3759.03;3838.15;3743.23;6.89B;1.74%;6,890,000,000
11/10/2024;3755.92;3728.24;3788.31;3727.88;2.30B;0.34%;2,300,000,000
10/10/2024;3743.19;3773.75;3801.64;3716.2;3.07B;-0.73%;3,070,000,000
09/10/2024;3770.64;3798.78;3821.42;3736.24;4.19B;-0.74%;4,190,000,000
08/10/2024;3798.78;3780.66;3818.79;3748.89;4.54B;0.81%;4,540,000,000
07/10/2024;3768.24;3673.26;3825.48;3659.73;9.90B;2.76%;9,900,000,000
04/10/2024;3667.05;3724.92;3731.63;3642.25;9.71B;-2.34%;9,710,000,000
03/10/2024;3754.83;3800.25;3814.86;3721.66;4.51B;-1.11%;4,510,000,000
02/10/2024;3797.15;3850.56;3892.98;3754.94;5.72B;-1.39%;5,720,000,000
01/10/2024;3850.56;3848.42;3873.45;3830.36;2.89B;0.36%;2,890,000,000
30/09/2024;3836.57;3905;3995.43;3825.65;6.49B;-1.75%;6,490,000,000
27/09/2024;3905;3886.84;3939.11;3832.21;7.26B;0.14%;7,260,000,000
26/09/2024;3899.7;3857.18;3907.52;3829.63;6.89B;1.58%;6,890,000,000
25/09/2024;3839.02;3786.64;3888.42;3771.84;12.02B;1.45%;12,020,000,000
24/09/2024;3783.98;3827.62;3853.45;3783.83;4.13B;-1.14%;4,130,000,000
23/09/2024;3827.62;3788.55;3852;3768.01;5.98B;1.10%;5,980,000,000
20/09/2024;3785.89;3826.72;3890.39;3731.01;12.20B;-0.60%;12,200,000,000
19/09/2024;3808.56;3829.37;3838.65;3722.57;9.35B;-0.54%;9,350,000,000
18/09/2024;3829.37;3949.18;3982.44;3806.18;9.59B;-2.59%;9,590,000,000
17/09/2024;3931.02;3880.13;4042.38;3880.13;8.06B;1.79%;8,060,000,000
13/09/2024;3861.97;3696.93;3964.74;3696.93;4.80B;4.46%;4,800,000,000
12/09/2024;3696.93;3435.45;3721.76;3422.72;11.67B;7.61%;11,670,000,000
11/09/2024;3435.45;3379.21;3440.05;3358.74;3.05B;1.66%;3,050,000,000
10/09/2024;3379.21;3288.18;3393.18;3288.18;8.22B;2.29%;8,220,000,000
09/09/2024;3303.68;3289.46;3311.51;3281.35;2.11B;-0.04%;2,110,000,000
06/09/2024;3304.97;3298.59;3321.06;3275.07;1.27B;0.27%;1,270,000,000
05/09/2024;3295.93;3300.77;3324.65;3279.47;1.06B;-0.07%;1,060,000,000
04/09/2024;3298.12;3282.42;3302.55;3252.05;1.63B;0.40%;1,630,000,000
03/09/2024;3285.08;3375.18;3418.81;3269.24;2.05B;-3.04%;2,050,000,000
02/09/2024;3388.03;3263.3;3388.03;3259.58;1.72B;3.82%;1,720,000,000
30/08/2024;3263.3;3244.52;3282.62;3234;4.60B;0.66%;4,600,000,000
29/08/2024;3241.86;3251.46;3270.61;3239.47;1.62B;-0.21%;1,620,000,000
28/08/2024;3248.81;3295.01;3301.53;3239.39;1.67B;-1.40%;1,670,000,000
27/08/2024;3295.01;3306.41;3308.56;3269.2;1.62B;-0.26%;1,620,000,000
26/08/2024;3303.76;3313.28;3337.81;3286.15;1.47B;-0.59%;1,470,000,000
23/08/2024;3323.48;3295.84;3340.06;3294.09;1.43B;0.37%;1,430,000,000
22/08/2024;3311.35;3358.28;3363.55;3293.15;1.61B;-1.40%;1,610,000,000
21/08/2024;3358.28;3362.68;3408.69;3332.32;3.76B;-0.13%;3,760,000,000
20/08/2024;3362.68;3354.22;3399.22;3335.83;3.55B;0.25%;3,550,000,000
19/08/2024;3354.22;3355.81;3359.58;3329.6;1.70B;0.03%;1,700,000,000
16/08/2024;3353.15;3348.25;3360.77;3329.47;1.43B;0.15%;1,430,000,000
15/08/2024;3348.25;3341.16;3364.42;3322.8;2.13B;0.21%;2,130,000,000
14/08/2024;3341.16;3331.97;3375.54;3314.13;3.63B;0.74%;3,630,000,000
13/08/2024;3316.46;3297.53;3335.14;3290.64;2.22B;0.57%;2,220,000,000
12/08/2024;3297.53;3227.43;3297.53;3194.23;5.21B;2.26%;5,210,000,000
09/08/2024;3224.77;3221.52;3236.22;3201.46;2.26B;0.59%;2,260,000,000
08/08/2024;3206.01;3217.23;3234.73;3197.13;2.33B;0.22%;2,330,000,000
07/08/2024;3199.07;3197.81;3222.75;3182.45;2.33B;0.61%;2,330,000,000
06/08/2024;3179.65;3179.13;3203.34;3164.29;1.94B;0.10%;1,940,000,000
05/08/2024;3176.47;3253.87;3256.78;3152.02;6.55B;-2.92%;6,550,000,000
02/08/2024;3272.03;3266.06;3300.24;3249.5;2.69B;-0.37%;2,690,000,000
01/08/2024;3284.23;3287.5;3311.06;3265.28;1.78B;-0.10%;1,780,000,000
31/07/2024;3287.5;3329.01;3341.94;3268.89;3.85B;-1.70%;3,850,000,000
30/07/2024;3344.52;3347.43;3366.14;3320.13;1.84B;-0.01%;1,840,000,000
29/07/2024;3344.77;3363.38;3367.02;3326.15;2.14B;-0.01%;2,140,000,000
26/07/2024;3345.21;3367.19;3375.98;3339.31;1.62B;-0.65%;1,620,000,000
25/07/2024;3367.19;3381.22;3399.61;3334.99;1.74B;-0.41%;1,740,000,000
24/07/2024;3381.22;3438.72;3444.49;3356.6;3.37B;-1.67%;3,370,000,000
23/07/2024;3438.72;3289;3471.75;3288.44;13.35B;4.55%;13,350,000,000
22/07/2024;3289;3265.59;3304.74;3263.79;2.26B;0.72%;2,260,000,000
19/07/2024;3265.59;3296.12;3299.96;3257.14;2.46B;-0.93%;2,460,000,000
18/07/2024;3296.12;3322.92;3340.08;3278.52;2.87B;-0.81%;2,870,000,000
17/07/2024;3322.92;3333.82;3387.81;3295.87;9.89B;-0.25%;9,890,000,000
16/07/2024;3331.16;3295.86;3331.16;3280.2;588.10M;1.15%;588,100,000
15/07/2024;3293.2;3275.84;3303.8;3273.75;1.14B;0.53%;1,140,000,000
12/07/2024;3275.84;3293.55;3306.43;3275.84;683.48M;-0.54%;683,480,000
11/07/2024;3293.55;3274.62;3299.33;3269.82;2.10B;0.66%;2,100,000,000
10/07/2024;3271.96;3295.35;3322.9;3270.86;8.51B;-0.71%;8,510,000,000
09/07/2024;3295.35;3299.93;3305.59;3290.01;866.96M;-0.14%;866,960,000
08/07/2024;3299.93;3260.33;3313.31;3258.66;1.18B;1.21%;1,180,000,000
05/07/2024;3260.33;3248.73;3270.24;3246.63;906.07M;0.52%;906,070,000
04/07/2024;3243.42;3186.09;3249.27;3184.31;1.45B;1.88%;1,450,000,000
03/07/2024;3183.43;3188.29;3190.87;3174.06;1.28B;-0.07%;1,280,000,000
02/07/2024;3185.64;3184.14;3193.64;3174.22;939.10M;0.13%;939,100,000
01/07/2024;3181.48;3167.2;3191.05;3157.78;1.36B;0.37%;1,360,000,000
28/06/2024;3169.85;3155.83;3177.92;3153.1;2.18B;0.63%;2,180,000,000
27/06/2024;3149.92;3124.23;3162.2;3116.12;1.70B;0.92%;1,700,000,000
26/06/2024;3121.28;3138.86;3160.7;3110.1;2.99B;-0.47%;2,990,000,000
25/06/2024;3135.9;3148.73;3168.76;3120.91;3.18B;-0.74%;3,180,000,000
24/06/2024;3159.25;3119.22;3164.38;3119.01;2.85B;1.38%;2,850,000,000
21/06/2024;3116.27;3099.18;3138.56;3096.59;9.27B;0.65%;9,270,000,000
20/06/2024;3096.22;3060.95;3126.25;3052.96;4.73B;1.15%;4,730,000,000
19/06/2024;3060.95;3088.93;3112;3043.26;10.32B;-1.34%;10,320,000,000
14/06/2024;3102.4;3173.24;3186.82;3086.07;4.28B;-2.23%;4,280,000,000
13/06/2024;3173.24;3145.09;3191.09;3115.28;7.16B;1.42%;7,160,000,000
12/06/2024;3128.66;3210.76;3219.38;3116.56;5.81B;-2.24%;5,810,000,000
11/06/2024;3200.24;3196.55;3240.92;3150.02;6.11B;-0.30%;6,110,000,000
10/06/2024;3210.02;3276.82;3295.44;3136.26;12.93B;-2.04%;12,930,000,000
07/06/2024;3276.82;3320.34;3342.59;3275.07;2.95B;-1.31%;2,950,000,000
06/06/2024;3320.34;3308.08;3347.92;3294.79;4.51B;0.96%;4,510,000,000
05/06/2024;3288.7;3336.44;3356.43;3284.89;3.94B;-1.83%;3,940,000,000
04/06/2024;3349.92;3401.76;3430.99;3343.14;4.50B;-1.05%;4,500,000,000
03/06/2024;3385.33;3397.43;3434.39;3370.9;3.74B;-0.18%;3,740,000,000
31/05/2024;3391.52;3440.71;3483.81;3391.52;9.37B;-0.96%;9,370,000,000
30/05/2024;3424.28;3463.64;3496.59;3418.19;5.66B;-1.52%;5,660,000,000
29/05/2024;3477.11;3541.33;3546.11;3459.58;4.13B;-2.19%;4,130,000,000
28/05/2024;3554.8;3533.55;3581.5;3510.34;5.70B;0.69%;5,700,000,000
27/05/2024;3530.6;3471.45;3555.95;3453.18;7.48B;2.36%;7,480,000,000
22/05/2024;3449.12;3405.25;3476.61;3401.88;3.48B;1.38%;3,480,000,000
21/05/2024;3402.3;3447.69;3454.96;3393.3;2.30B;-0.93%;2,300,000,000
20/05/2024;3434.22;3451.43;3458.96;3418.08;3.17B;-0.19%;3,170,000,000
17/05/2024;3440.91;3413.31;3484.79;3407.61;5.27B;0.41%;5,270,000,000
16/05/2024;3426.78;3423.84;3450.79;3397.72;3.15B;0.57%;3,150,000,000
15/05/2024;3407.41;3403.06;3428.45;3374.36;2.03B;0.44%;2,030,000,000
14/05/2024;3392.54;3431.83;3439.05;3382.77;2.28B;-1.14%;2,280,000,000
13/05/2024;3431.83;3371.24;3436.66;3345.76;3.14B;1.80%;3,140,000,000
08/05/2024;3371.24;3397.5;3405.34;3337.73;3.04B;-0.60%;3,040,000,000
07/05/2024;3391.59;3414.18;3439.02;3371.21;3.26B;-0.66%;3,260,000,000
06/05/2024;3414.18;3377.56;3435.79;3377.52;5.10B;1.49%;5,100,000,000
03/05/2024;3364.09;3328.07;3369.45;3319.71;5.43B;1.08%;5,430,000,000
02/05/2024;3328.07;3359.23;3384.07;3308.46;2.35B;-0.93%;2,350,000,000
01/05/2024;3359.23;3346.81;3400.47;3315.61;;0.00%;
30/04/2024;3359.23;3346.81;3400.47;3315.61;3.84B;1.05%;3,840,000,000
29/04/2024;3324.47;3281.74;3351.61;3271.79;3.15B;1.30%;3,150,000,000
26/04/2024;3281.74;3307.59;3351.38;3273.61;2.56B;-1.23%;2,560,000,000
25/04/2024;3322.67;3331.46;3344.69;3290.64;2.41B;-0.67%;2,410,000,000
24/04/2024;3344.93;3284.14;3360.17;3269.97;3.65B;2.36%;3,650,000,000
23/04/2024;3267.71;3239.6;3300.35;3239.02;3.77B;0.87%;3,770,000,000
22/04/2024;3239.6;3230.05;3295.03;3225.23;3.32B;0.30%;3,320,000,000
19/04/2024;3230.05;3307.43;3320.73;3221.82;4.35B;-2.78%;4,350,000,000
18/04/2024;3322.51;3344.21;3372.3;3298.26;3.02B;-0.25%;3,020,000,000
17/04/2024;3330.73;3423.81;3433.98;3327.53;3.93B;-2.42%;3,930,000,000
16/04/2024;3413.3;3489.19;3489.56;3388.53;5.03B;-2.84%;5,030,000,000
05/04/2024;3513.14;3533.19;3538.98;3488.04;1.62B;-0.66%;1,620,000,000
04/04/2024;3536.41;3513.04;3536.46;3495.11;1.75B;0.80%;1,750,000,000
03/04/2024;3508.48;3547.62;3567.05;3508.48;2.07B;-1.48%;2,070,000,000
02/04/2024;3561.36;3536.07;3563;3519.93;3.19B;0.49%;3,190,000,000
01/04/2024;3544.12;3566.8;3584;3495.63;2.39B;-1.01%;2,390,000,000
28/03/2024;3580.27;3551.69;3580.88;3541.63;2.58B;0.85%;2,580,000,000
27/03/2024;3549.98;3575.02;3583.51;3527.57;2.71B;-0.97%;2,710,000,000
26/03/2024;3584.67;3570.17;3613.73;3557.76;3.77B;0.41%;3,770,000,000
25/03/2024;3570.17;3587.86;3604.56;3539.56;2.42B;-0.57%;2,420,000,000
22/03/2024;3590.75;3553.11;3596.57;3547.89;2.68B;1.32%;2,680,000,000
21/03/2024;3543.91;3541.63;3593.97;3528.53;3.42B;0.91%;3,420,000,000
20/03/2024;3511.95;3592.94;3617.37;3511.08;7.22B;-3.14%;7,220,000,000
19/03/2024;3625.96;3672.64;3690.04;3612.88;4.09B;-0.89%;4,090,000,000
18/03/2024;3658.39;3625.14;3702.02;3593.84;5.69B;1.14%;5,690,000,000
15/03/2024;3617.12;3603.67;3617.12;3555.21;11.82B;0.37%;11,820,000,000
14/03/2024;3603.67;3582.51;3637.11;3564.31;3.60B;0.64%;3,600,000,000
13/03/2024;3580.8;3637.57;3653.13;3580.8;2.72B;-1.64%;2,720,000,000
08/03/2024;3640.46;3647.61;3667.74;3614.63;3.03B;-0.07%;3,030,000,000
07/03/2024;3643.01;3743.87;3756.83;3617.76;7.90B;-2.57%;7,900,000,000
06/03/2024;3739.27;3550.6;3739.27;3548.42;8.28B;5.31%;8,280,000,000
05/03/2024;3550.6;3580.07;3609.34;3538.24;3.17B;-0.86%;3,170,000,000
04/03/2024;3581.25;3685;3691.44;3568.81;6.42B;-2.66%;6,420,000,000
01/03/2024;3679.23;3707.1;3711.47;3643.98;3.23B;-0.77%;3,230,000,000
29/02/2024;3707.63;3781.02;3781.9;3652.41;8.08B;-1.90%;8,080,000,000
28/02/2024;3779.31;3846.51;3848.19;3762.11;8.95B;-1.99%;8,950,000,000
27/02/2024;3856.16;3845.32;3881.16;3810.43;5.64B;0.31%;5,640,000,000
26/02/2024;3844.15;3863.06;3869.97;3822.7;2.86B;-0.42%;2,860,000,000
23/02/2024;3860.17;3853.71;3870.05;3831.07;3.26B;0.38%;3,260,000,000
22/02/2024;3845.69;3891.25;3894.08;3843.56;2.96B;-1.17%;2,960,000,000
21/02/2024;3891.25;3921.92;3936.85;3855.26;3.92B;-1.08%;3,920,000,000
20/02/2024;3933.92;3942.89;3958.01;3918.9;2.63B;-0.15%;2,630,000,000
19/02/2024;3940;3928.59;3956.04;3882.65;3.99B;0.61%;3,990,000,000
16/02/2024;3916.05;3966.24;3970.73;3864.74;2.73B;-1.14%;2,730,000,000
15/02/2024;3961.11;4027.89;4048.07;3906.99;3.75B;-0.91%;3,750,000,000
13/02/2024;3997.68;4023.84;4024.39;3974.75;2.26B;-0.42%;2,260,000,000
12/02/2024;4014.64;4027.57;4083.12;3996.26;6.80B;0.52%;6,800,000,000
07/02/2024;3993.83;4023.21;4105.73;3962.74;4.02B;-0.73%;4,020,000,000
06/02/2024;4023.21;4072.75;4090.07;3968.33;4.52B;-1.13%;4,520,000,000
05/02/2024;4069.31;4094.79;4126.46;3978.81;4.06B;-0.62%;4,060,000,000
02/02/2024;4094.79;4114.37;4120.08;4054.86;2.37B;-0.32%;2,370,000,000
01/02/2024;4108.04;4155.9;4180.89;3975.78;5.82B;-0.48%;5,820,000,000
31/01/2024;4128.05;4105.63;4144.68;4059.93;4.72B;0.59%;4,720,000,000
30/01/2024;4103.92;3987.32;4118.21;3987.32;6.47B;2.97%;6,470,000,000
29/01/2024;3985.61;4075.91;4094.65;3953.2;6.49B;-2.17%;6,490,000,000
26/01/2024;4074.19;4125.23;4136.47;4048.3;2.66B;-1.31%;2,660,000,000
25/01/2024;4128.12;4142.17;4172.52;4105.22;2.68B;-0.41%;2,680,000,000
24/01/2024;4145.07;4176.42;4189.04;4116.04;2.15B;-0.75%;2,150,000,000
23/01/2024;4176.42;4205.28;4205.31;4148.06;1.89B;-0.69%;1,890,000,000
22/01/2024;4205.28;4248.58;4251.86;4173.24;2.00B;-0.56%;2,000,000,000
19/01/2024;4228.82;4279.47;4290.79;4221.99;2.32B;-0.83%;2,320,000,000
18/01/2024;4264.01;4268.02;4280.72;4234.2;2.85B;-0.09%;2,850,000,000
17/01/2024;4268.02;4312.22;4316.53;4197.51;9.02B;-0.99%;9,020,000,000
16/01/2024;4310.83;4337.21;4352.09;4301.33;2.17B;-0.61%;2,170,000,000
15/01/2024;4337.21;4336.56;4349.3;4311.73;1.88B;0.02%;1,880,000,000
12/01/2024;4336.56;4346.74;4383.33;4306.8;3.27B;-0.17%;3,270,000,000
11/01/2024;4343.84;4339.42;4405.58;4329.81;4.64B;0.27%;4,640,000,000
10/01/2024;4332.24;4326.32;4357.75;4318.02;1.54B;-0.15%;1,540,000,000
09/01/2024;4338.89;4361.89;4426.54;4309.76;2.54B;-0.33%;2,540,000,000
08/01/2024;4353.31;4385.7;4398.52;4339.91;1.51B;-0.64%;1,510,000,000
05/01/2024;4381.41;4403.19;4426.63;4372.26;1.24B;-0.40%;1,240,000,000
04/01/2024;4398.9;4427.09;4437.48;4386.39;1.71B;-0.64%;1,710,000,000
03/01/2024;4427.09;4413.71;4458.65;4389.38;1.75B;0.21%;1,750,000,000
02/01/2024;4418;4429.81;4438.44;4365.14;1.55B;-0.40%;1,550,000,000
29/12/2023;4435.61;4376.16;4435.61;4356.31;1.86B;1.60%;1,860,000,000
28/12/2023;4365.76;4370.14;4403.39;4331.03;1.85B;0.00%;1,850,000,000
27/12/2023;4365.71;4369.36;4407.24;4349.73;1.87B;0.02%;1,870,000,000
26/12/2023;4364.93;4390.61;4405.91;4326.71;;0.00%;
22/12/2023;4364.93;4390.61;4405.91;4326.71;1.99B;-0.18%;1,990,000,000
21/12/2023;4372.66;4383.5;4388.25;4338.39;1.80B;-0.38%;1,800,000,000
20/12/2023;4389.5;4375.87;4408.44;4359.84;1.93B;0.35%;1,930,000,000
19/12/2023;4374.33;4358.56;4426.66;4316.25;4.91B;0.60%;4,910,000,000
18/12/2023;4348.13;4435.07;4437.58;4288.35;10.91B;-2.13%;10,910,000,000
15/12/2023;4442.62;4556.35;4571.03;4380.44;4.50B;-2.66%;4,500,000,000
14/12/2023;4563.9;4398.02;4578.92;4377.02;9.30B;5.93%;9,300,000,000
13/12/2023;4308.3;4394.14;4414.37;4265.31;6.56B;-2.22%;6,560,000,000
12/12/2023;4406.12;4323;4418.56;4251.63;12.20B;1.99%;12,200,000,000
11/12/2023;4320;4676.9;4694.86;4281.74;34.66B;-7.27%;34,660,000,000
08/12/2023;4658.92;4551.96;4688.35;4509.34;13.49B;2.89%;13,490,000,000
07/12/2023;4528.01;4561.4;4590.65;4457.6;10.85B;-0.73%;10,850,000,000
06/12/2023;4561.4;4726.01;4741.88;4543.42;13.28B;-2.99%;13,280,000,000
05/12/2023;4702.06;4819.91;4867.22;4613.45;18.31B;-2.20%;18,310,000,000
04/12/2023;4807.93;4758.69;4988.04;4752.18;17.31B;1.29%;17,310,000,000
01/12/2023;4746.72;4681.55;4767.74;4641.78;14.14B;2.18%;14,140,000,000
30/11/2023;4645.62;4578.52;4672.4;4550.3;8.64B;1.73%;8,640,000,000
29/11/2023;4566.54;4566.71;4583.82;4540.93;4.50B;0.26%;4,500,000,000
28/11/2023;4554.72;4612.93;4684.9;4422.42;3.55B;-1.26%;3,550,000,000
27/11/2023;4612.93;4904.73;4942.26;4589.83;2.35B;-5.72%;2,350,000,000
24/11/2023;4892.73;4796.3;5074.17;4778.95;5.15B;2.01%;5,150,000,000
23/11/2023;4796.3;4464.64;4796.3;4461.67;9.81B;8.60%;9,810,000,000
22/11/2023;4416.66;4302.19;4487.75;4287.35;7.06B;2.66%;7,060,000,000
21/11/2023;4302.19;4282.44;4321.33;4243.03;5.53B;0.74%;5,530,000,000
20/11/2023;4270.45;4244.98;4292.23;4213.86;5.42B;0.89%;5,420,000,000
17/11/2023;4232.98;4273.44;4297.69;4220.17;3.43B;-0.95%;3,430,000,000
16/11/2023;4273.44;4282.55;4293.69;4222.14;3.28B;-0.21%;3,280,000,000
15/11/2023;4282.55;4215.38;4297.25;4215.38;7.44B;2.47%;7,440,000,000
14/11/2023;4179.39;4140.22;4195.97;4085.19;6.27B;0.65%;6,270,000,000
13/11/2023;4152.22;4132.09;4230.57;4105.84;10.18B;0.78%;10,180,000,000
10/11/2023;4120.1;4109.81;4148.51;4079.68;3.66B;0.25%;3,660,000,000
09/11/2023;4109.81;4094.75;4140.79;4082.74;2.18B;0.07%;2,180,000,000
08/11/2023;4106.74;4111.2;4129.21;4058.13;4.22B;-0.11%;4,220,000,000
07/11/2023;4111.2;4138.12;4151.25;4058.65;4.92B;-0.07%;4,920,000,000
06/11/2023;4113.91;4033.3;4131.91;3984.32;12.34B;2.31%;12,340,000,000
03/11/2023;4021.2;3991.01;4123.99;3991.01;12.83B;1.37%;12,830,000,000
02/11/2023;3966.81;3857.1;3983.88;3857.1;9.74B;3.49%;9,740,000,000
01/11/2023;3832.89;3867.05;3881.13;3810.84;5.86B;-0.57%;5,860,000,000
31/10/2023;3854.95;3779.28;3855.8;3748.54;6.75B;2.00%;6,750,000,000
30/10/2023;3779.28;3809.94;3863.04;3759.24;3.90B;-0.80%;3,900,000,000
27/10/2023;3809.94;3800.47;3844.28;3771.79;5.31B;-0.07%;5,310,000,000
26/10/2023;3812.57;3875.84;3891.18;3792.56;4.97B;-1.63%;4,970,000,000
25/10/2023;3875.84;3946.84;3970.64;3872.26;2.80B;-1.80%;2,800,000,000
24/10/2023;3946.84;3980.57;4000.85;3945.13;2.71B;-0.54%;2,710,000,000
23/10/2023;3968.46;3961.33;3998.45;3919.22;4.56B;0.49%;4,560,000,000
20/10/2023;3949.22;3979.47;3995.21;3922.27;5.89B;-1.66%;5,890,000,000
19/10/2023;4015.78;4040.78;4074.79;4006.46;4.10B;-0.62%;4,100,000,000
18/10/2023;4040.78;4059.76;4092.97;4006.44;3.92B;-0.47%;3,920,000,000
17/10/2023;4059.76;4086.18;4135.11;4012.02;5.99B;-0.35%;5,990,000,000
16/10/2023;4074.08;4090.09;4133.28;3895.21;20.35B;-0.69%;20,350,000,000
13/10/2023;4102.19;4224.85;4247.24;4098.43;9.33B;-2.90%;9,330,000,000
12/10/2023;4224.85;4262.96;4308.81;4175.87;7.84B;-0.89%;7,840,000,000
11/10/2023;4262.96;4326.46;4348.54;4262.96;5.53B;-1.47%;5,530,000,000
10/10/2023;4326.46;4346.04;4370.06;4313.42;1.97B;-0.17%;1,970,000,000
09/10/2023;4333.94;4339.99;4370.88;4306.17;2.29B;-0.42%;2,290,000,000
06/10/2023;4352.09;4292.22;4359.75;4276.91;2.55B;1.68%;2,550,000,000
05/10/2023;4280.12;4267.81;4341.87;4267.81;3.25B;0.57%;3,250,000,000
04/10/2023;4255.69;4294.6;4310.08;4219.74;4.14B;-0.91%;4,140,000,000
03/10/2023;4294.6;4326.1;4338.61;4280.82;3.08B;-0.73%;3,080,000,000
02/10/2023;4326.1;4335.42;4360.11;4310.05;1.53B;-0.22%;1,530,000,000
29/09/2023;4335.42;4298.73;4356.95;4292.16;3.45B;0.61%;3,450,000,000
27/09/2023;4309.11;4307.24;4330.87;4277.38;3.40B;0.04%;3,400,000,000
26/09/2023;4307.24;4335;4410.86;4292.9;5.98B;0.32%;5,980,000,000
25/09/2023;4293.47;4341.79;4350.86;4290.54;2.40B;-0.88%;2,400,000,000
22/09/2023;4331.41;4302.31;4344.77;4290.85;1.70B;0.68%;1,700,000,000
21/09/2023;4302.31;4356.52;4378.59;4295.14;2.24B;-1.24%;2,240,000,000
20/09/2023;4356.52;4334.15;4409.06;4334.15;2.58B;0.52%;2,580,000,000
19/09/2023;4334.15;4329.92;4363.57;4302.59;1.24B;-0.14%;1,240,000,000
18/09/2023;4340.31;4396.05;4419.11;4314.87;2.57B;-1.50%;2,570,000,000
15/09/2023;4406.44;4420.48;4456.3;4377.97;6.81B;-0.08%;6,810,000,000
14/09/2023;4410.1;4387.76;4459.99;4383.35;3.29B;0.75%;3,290,000,000
13/09/2023;4377.38;4469.12;4519.07;4366.76;2.60B;-2.05%;2,600,000,000
12/09/2023;4469.12;4471.67;4502.76;4434.93;2.63B;-0.06%;2,630,000,000
11/09/2023;4471.67;4439.24;4536.26;4439.12;4.57B;0.73%;4,570,000,000
08/09/2023;4439.24;4457.45;4494.41;4425.02;2.02B;-0.41%;2,020,000,000
07/09/2023;4457.45;4398.57;4578.38;4391.46;6.45B;1.58%;6,450,000,000
06/09/2023;4388.19;4386.65;4417.75;4352.63;1.97B;0.04%;1,970,000,000
05/09/2023;4386.65;4433.1;4461.71;4370.95;2.41B;-1.28%;2,410,000,000
04/09/2023;4443.48;4446.82;4477.14;4420.37;2.21B;-0.08%;2,210,000,000
01/09/2023;4446.82;4414.16;4481.73;4406.6;2.55B;0.50%;2,550,000,000
31/08/2023;4424.55;4402.38;4434.48;4362.29;8.50B;0.74%;8,500,000,000
30/08/2023;4392;4421.42;4453.92;4375.13;2.29B;-0.43%;2,290,000,000
29/08/2023;4411.03;4343.26;4440.73;4336.69;6.71B;1.56%;6,710,000,000
28/08/2023;4343.26;4335.78;4373.39;4311.04;2.75B;0.41%;2,750,000,000
25/08/2023;4325.4;4334.14;4358.35;4313.5;2.69B;-0.20%;2,690,000,000
24/08/2023;4334.14;4385.18;4415.58;4317.79;3.04B;-1.16%;3,040,000,000
23/08/2023;4385.18;4399.2;4433.13;4361.18;3.62B;-0.08%;3,620,000,000
22/08/2023;4388.81;4428.89;4457.46;4385.58;2.81B;-0.90%;2,810,000,000
21/08/2023;4428.89;4442.67;4480.31;4412.51;4.33B;-0.31%;4,330,000,000
18/08/2023;4442.67;4444.59;4460.33;4410.2;2.81B;-0.28%;2,810,000,000
16/08/2023;4454.97;4521.58;4532;4425.82;4.09B;-1.25%;4,090,000,000
15/08/2023;4511.2;4465.63;4515.03;4428.28;4.66B;1.02%;4,660,000,000
14/08/2023;4465.63;4457.76;4488.03;4431.69;2.83B;0.41%;2,830,000,000
11/08/2023;4447.38;4495.06;4528.19;4443.6;4.58B;-0.83%;4,580,000,000
10/08/2023;4484.67;4453.84;4520.07;4421.18;5.85B;0.69%;5,850,000,000
09/08/2023;4453.84;4542.95;4564.31;4416.42;9.56B;-2.18%;9,560,000,000
08/08/2023;4553.33;4587.04;4619.88;4525.99;4.57B;-0.96%;4,570,000,000
07/08/2023;4597.42;4567.96;4605.19;4550.62;2.57B;0.64%;2,570,000,000
04/08/2023;4567.96;4646.33;4679.97;4556.13;1.83B;-1.91%;1,830,000,000
03/08/2023;4656.73;4598.73;4677.54;4595.37;2.15B;1.03%;2,150,000,000
02/08/2023;4609.13;4662.24;4691.57;4609.13;3.20B;-1.14%;3,200,000,000
01/08/2023;4662.24;4697.4;4729.49;4659.8;2.56B;-0.75%;2,560,000,000
31/07/2023;4697.4;4707;4730.29;4669.52;3.10B;-0.20%;3,100,000,000
28/07/2023;4707;4770.21;4792.13;4698.29;1.80B;-1.33%;1,800,000,000
27/07/2023;4770.21;4768.08;4813.44;4759.56;2.13B;0.04%;2,130,000,000
26/07/2023;4768.08;4782.04;4813.02;4749.75;2.22B;-0.29%;2,220,000,000
25/07/2023;4782.04;4787.64;4824.46;4761.32;2.99B;-0.12%;2,990,000,000
24/07/2023;4787.64;4802.2;4834.24;4773.12;2.92B;-0.52%;2,920,000,000
21/07/2023;4812.6;4872.89;4899.49;4773.31;2.77B;-1.45%;2,770,000,000
20/07/2023;4883.29;4931.34;4960.11;4858.83;2.22B;-0.97%;2,220,000,000
18/07/2023;4931.34;4951.82;4981.5;4903.75;4.80B;-0.62%;4,800,000,000
17/07/2023;4962.22;4935.19;5033.23;4920.25;6.53B;0.34%;6,530,000,000
14/07/2023;4945.59;4801.16;4952.28;4801.16;4.14B;2.79%;4,140,000,000
13/07/2023;4811.56;4815.68;4873.33;4787.38;3.72B;-0.09%;3,720,000,000
12/07/2023;4815.68;4747.96;4826.2;4737.54;3.66B;1.43%;3,660,000,000
11/07/2023;4747.96;4707.77;4800.21;4697.32;3.47B;0.85%;3,470,000,000
10/07/2023;4707.77;4743.59;4770.48;4704.13;1.83B;-0.76%;1,830,000,000
07/07/2023;4743.59;4764.42;4791.24;4724.1;2.62B;-0.65%;2,620,000,000
06/07/2023;4774.82;4738.38;4780.02;4711.76;2.87B;0.55%;2,870,000,000
05/07/2023;4748.78;4732.37;4789.81;4719.76;2.26B;0.35%;2,260,000,000
04/07/2023;4732.37;4745.25;4775.38;4718.03;2.48B;-0.27%;2,480,000,000
03/07/2023;4745.25;4780.31;4816.31;4703.77;2.49B;-0.73%;2,490,000,000
27/06/2023;4780.31;4803.26;4817.05;4737.32;4.54B;-0.71%;4,540,000,000
26/06/2023;4814.34;4807.52;4822.41;4758.87;3.50B;-0.09%;3,500,000,000
23/06/2023;4818.59;4873.4;4907.38;4813.66;1.97B;-1.12%;1,970,000,000
22/06/2023;4873.4;4976.6;4981.84;4870.17;2.86B;-2.07%;2,860,000,000
21/06/2023;4976.6;4914.43;4976.6;4887.79;2.02B;1.27%;2,020,000,000
20/06/2023;4914.43;4990.17;4999.84;4891.77;2.94B;-1.30%;2,940,000,000
19/06/2023;4979.09;5055.28;5082.06;4968.42;3.30B;-1.07%;3,300,000,000
16/06/2023;5033.13;4910.09;5033.13;4878.88;5.73B;2.74%;5,730,000,000
15/06/2023;4899.01;4881.67;4919.35;4839.35;4.23B;0.36%;4,230,000,000
14/06/2023;4881.67;4933.63;4963.97;4864.34;4.73B;-1.05%;4,730,000,000
13/06/2023;4933.63;4932.95;4990.48;4906.62;5.55B;-0.21%;5,550,000,000
12/06/2023;4944.03;4936.13;4987.99;4915.64;5.35B;-0.06%;5,350,000,000
09/06/2023;4947.21;4887.38;4996.61;4887.38;8.42B;1.22%;8,420,000,000
08/06/2023;4887.38;4773.84;4887.38;4723.53;6.27B;2.14%;6,270,000,000
07/06/2023;4784.92;4797.02;4826.95;4722.12;4.64B;-0.25%;4,640,000,000
06/06/2023;4797.02;4755.35;4906.99;4755.35;11.08B;-1.42%;11,080,000,000
05/06/2023;4866.14;4862.17;4900.04;4833.45;4.57B;-4.70%;4,570,000,000
31/05/2023;5105.89;4702.18;5105.89;4594.93;46.89B;8.84%;46,890,000,000
30/05/2023;4691.1;4685.35;4793.84;4684.06;6.99B;0.36%;6,990,000,000
29/05/2023;4674.27;4590.46;4674.27;4543.46;5.71B;1.83%;5,710,000,000
26/05/2023;4590.46;4705.96;4726.34;4576.44;4.70B;-2.22%;4,700,000,000
25/05/2023;4694.88;4749.56;4766.31;4622.16;4.87B;-1.38%;4,870,000,000
24/05/2023;4760.64;4745.86;4787.15;4701.81;4.26B;0.08%;4,260,000,000
23/05/2023;4756.94;4814.13;4842.21;4736.05;5.65B;-0.96%;5,650,000,000
22/05/2023;4803.05;4848.81;4883.04;4776.51;5.09B;-0.94%;5,090,000,000
19/05/2023;4848.81;4817.33;4875.15;4787.31;4.82B;0.89%;4,820,000,000
17/05/2023;4806.25;4852.33;4869.14;4772.06;7.08B;-0.95%;7,080,000,000
16/05/2023;4852.33;4916.66;4932.95;4827.31;4.08B;-1.31%;4,080,000,000
15/05/2023;4916.66;4956.29;4975.94;4886.49;4.34B;-0.80%;4,340,000,000
12/05/2023;4956.29;5026.98;5031.26;4913.5;8.31B;-0.75%;8,310,000,000
11/05/2023;4993.75;5038.27;5067.23;4938.05;6.56B;-0.88%;6,560,000,000
10/05/2023;5038.27;4971.96;5073.52;4962.18;7.79B;1.56%;7,790,000,000
09/05/2023;4960.88;4888.83;5007.68;4883.85;5.65B;1.94%;5,650,000,000
08/05/2023;4866.67;4884.82;4933.92;4856.51;4.78B;-0.15%;4,780,000,000
05/05/2023;4873.74;4924.77;4939.09;4804.23;3.68B;-1.04%;3,680,000,000
04/05/2023;4924.77;4846.58;4935.14;4792.15;4.17B;1.38%;4,170,000,000
03/05/2023;4857.67;4883.33;4900.73;4791.26;2.36B;-0.53%;2,360,000,000
02/05/2023;4883.33;4937.07;4966.64;4859.44;3.12B;-1.09%;3,120,000,000
28/04/2023;4937.07;4902.12;4980.31;4902.12;3.65B;1.17%;3,650,000,000
27/04/2023;4879.94;4831.13;4951.31;4822.41;7.52B;1.01%;7,520,000,000
26/04/2023;4831.13;4829.69;4846.22;4782.8;2.63B;-0.20%;2,630,000,000
18/04/2023;4840.78;4840.01;4869.96;4815.73;1.43B;0.25%;1,430,000,000
17/04/2023;4828.92;4861.21;4879.12;4804.59;1.87B;-0.44%;1,870,000,000
14/04/2023;4850.11;4847.5;4931.16;4847.5;4.35B;0.28%;4,350,000,000
13/04/2023;4836.4;4773.37;4873.3;4768.02;6.10B;0.39%;6,100,000,000
12/04/2023;4817.76;4888.78;4894.12;4798.95;4.78B;-1.45%;4,780,000,000
11/04/2023;4888.78;4774.9;4907;4728.99;6.76B;1.91%;6,760,000,000
10/04/2023;4797.09;4941.31;4958.49;4788.46;4.67B;-3.14%;4,670,000,000
06/04/2023;4952.41;5028.06;5028.22;4915.63;8.03B;-1.50%;8,030,000,000
05/04/2023;5028.06;5095;5133.81;5002.49;2.83B;-1.31%;2,830,000,000
04/04/2023;5095;5088.21;5148.63;5048.79;2.19B;0.35%;2,190,000,000
03/04/2023;5077.11;5111.82;5147.68;5061.29;3.41B;-0.46%;3,410,000,000
31/03/2023;5100.73;5153.1;5168.78;5068.8;3.96B;-0.74%;3,960,000,000
30/03/2023;5138.7;5253.46;5284.16;5109.67;3.32B;-1.92%;3,320,000,000
29/03/2023;5239.06;5267.4;5285.57;5191.54;3.40B;-0.54%;3,400,000,000
28/03/2023;5267.4;5055.65;5271.47;5045.53;2.51B;4.49%;2,510,000,000
27/03/2023;5041.25;5026.1;5084.23;4994.8;2.53B;0.30%;2,530,000,000
24/03/2023;5026.1;4936.35;5035.08;4931.58;4.47B;2.42%;4,470,000,000
21/03/2023;4907.56;4806.57;4929.21;4772.71;5.29B;1.19%;5,290,000,000
20/03/2023;4849.76;5009.51;5031.67;4832.09;3.95B;-3.47%;3,950,000,000
17/03/2023;5023.9;5057.29;5130;4972;33.60B;-0.09%;33,600,000,000
16/03/2023;5028.5;5143.43;5143.43;5002.38;4.11B;-2.23%;4,110,000,000
15/03/2023;5143.43;5234.21;5281.89;5119.89;4.26B;-0.92%;4,260,000,000
14/03/2023;5191.01;5355.44;5362.81;5133.31;4.73B;-3.07%;4,730,000,000
13/03/2023;5355.44;5343.68;5420.62;5280.15;5.19B;-0.05%;5,190,000,000
10/03/2023;5358.07;5416.11;5426.69;5304.69;3.28B;-1.33%;3,280,000,000
09/03/2023;5430.51;5437.68;5462.39;5400.83;3.21B;0.13%;3,210,000,000
08/03/2023;5423.28;5429.08;5462.02;5345.03;5.25B;-0.11%;5,250,000,000
07/03/2023;5429.08;5482.17;5541.4;5407.94;4.41B;-0.71%;4,410,000,000
06/03/2023;5467.75;5470.2;5527.73;5453.31;4.14B;0.22%;4,140,000,000
03/03/2023;5455.78;5441.08;5477.78;5407.06;2.97B;0.80%;2,970,000,000
02/03/2023;5412.25;5417.12;5471.97;5399.82;3.89B;-0.09%;3,890,000,000
01/03/2023;5417.12;5400.27;5455.88;5379.26;4.48B;0.58%;4,480,000,000
28/02/2023;5385.85;5397.04;5425.49;5315.81;3.89B;-0.21%;3,890,000,000
27/02/2023;5397.04;5449.2;5492.57;5362.53;2.66B;-0.96%;2,660,000,000
24/02/2023;5449.2;5419.14;5492.49;5399.56;3.22B;1.09%;3,220,000,000
23/02/2023;5390.31;5411.4;5448.76;5342.29;2.59B;0.14%;2,590,000,000
22/02/2023;5382.56;5482.99;5482.99;5339.85;4.77B;-2.35%;4,770,000,000
21/02/2023;5511.82;5529.68;5565.73;5490.76;4.06B;-0.32%;4,060,000,000
20/02/2023;5529.68;5642.28;5659.29;5502.59;7.23B;-1.49%;7,230,000,000
17/02/2023;5613.44;5600.26;5705.81;5583.16;8.07B;0.49%;8,070,000,000
16/02/2023;5585.84;5571.65;5619.28;5525.17;4.54B;1.04%;4,540,000,000
15/02/2023;5528.4;5614.93;5619.99;5501.37;3.35B;-1.29%;3,350,000,000
14/02/2023;5600.51;5611.5;5687.66;5564.23;4.26B;0.32%;4,260,000,000
13/02/2023;5582.67;5340.56;5619.23;5332.08;11.36B;3.69%;11,360,000,000
10/02/2023;5383.81;5408.24;5408.24;5315.52;1.58B;-2.28%;1,580,000,000
09/02/2023;5509.16;5753.16;5783.42;5488.91;5.69B;-4.00%;5,690,000,000
08/02/2023;5738.75;5795.33;5834.8;5696.09;3.70B;-0.73%;3,700,000,000
07/02/2023;5780.91;5734.61;5863.89;5726.91;4.56B;0.81%;4,560,000,000
06/02/2023;5734.61;5829.1;5834.71;5715.92;2.58B;-1.62%;2,580,000,000
03/02/2023;5829.1;5750.4;5895.94;5744.53;6.42B;1.62%;6,420,000,000
02/02/2023;5735.96;5518.94;5753.29;5518.94;7.04B;4.48%;7,040,000,000
01/02/2023;5490.08;5481.75;5533.93;5439.01;2.34B;0.15%;2,340,000,000
31/01/2023;5481.75;5433.43;5506.82;5421.19;3.37B;0.36%;3,370,000,000
30/01/2023;5462.29;5538.43;5574.92;5441.5;2.98B;-1.37%;2,980,000,000
27/01/2023;5538.43;5542.32;5579.31;5502.01;2.99B;-0.07%;2,990,000,000
26/01/2023;5542.32;5501.19;5568.64;5474.11;3.14B;0.22%;3,140,000,000
25/01/2023;5530.06;5539.92;5591.11;5450.1;6.09B;-0.18%;6,090,000,000
24/01/2023;5539.92;5384.65;5549.07;5384.65;7.34B;3.16%;7,340,000,000
20/01/2023;5370.22;5395.82;5441.14;5329.74;4.29B;-0.21%;4,290,000,000
19/01/2023;5381.38;5341.29;5386.33;5310.94;2.96B;0.48%;2,960,000,000
18/01/2023;5355.72;5386.8;5454.59;5306.1;4.59B;-0.31%;4,590,000,000
17/01/2023;5372.37;5284.4;5459.99;5279.36;8.27B;1.94%;8,270,000,000
16/01/2023;5269.96;5255.92;5315.92;5220.65;4.10B;0.27%;4,100,000,000
13/01/2023;5255.92;5161.45;5292.73;5127.52;6.97B;1.83%;6,970,000,000
12/01/2023;5161.45;5091.53;5178.4;5063.95;3.07B;1.66%;3,070,000,000
11/01/2023;5077.1;5102.56;5128.19;5055.22;1.81B;-0.50%;1,810,000,000
10/01/2023;5102.56;5099.84;5126.4;5040.95;3.91B;0.05%;3,910,000,000
09/01/2023;5099.84;5100.91;5159.86;5043.25;3.17B;-0.02%;3,170,000,000
06/01/2023;5100.91;5077.88;5149.06;5053.15;2.28B;0.45%;2,280,000,000
05/01/2023;5077.88;5225.79;5240.78;5045.38;2.83B;-2.83%;2,830,000,000
04/01/2023;5225.79;5213.19;5245.67;5161.97;2.18B;0.24%;2,180,000,000
03/01/2023;5213.19;5178.05;5254.4;5168.34;3.36B;0.68%;3,360,000,000
02/01/2023;5178.05;5162.04;5213.71;5139.27;1.19B;0.31%;1,190,000,000
30/12/2022;5162.04;5208.38;5227.16;5157.97;3.41B;-0.89%;3,410,000,000
29/12/2022;5208.38;5117.52;5240.75;5101.57;5.05B;1.78%;5,050,000,000
28/12/2022;5117.52;5181.97;5190.11;5097.96;2.37B;-1.24%;2,370,000,000
27/12/2022;5181.97;5072.24;5181.97;5061.83;3.25B;2.16%;3,250,000,000
26/12/2022;5072.24;5137.38;5162.02;5043.44;2.29B;-1.27%;2,290,000,000
23/12/2022;5137.38;5153.01;5166.65;5100.03;2.19B;-0.30%;2,190,000,000
22/12/2022;5153.01;5072.97;5162.7;5068.3;2.11B;1.71%;2,110,000,000
21/12/2022;5066.54;5060.91;5092.4;5026.85;3.13B;0.37%;3,130,000,000
20/12/2022;5048.06;5116.13;5138.76;5036.91;4.03B;-1.33%;4,030,000,000
19/12/2022;5116.13;5216.15;5253.09;5097.27;2.91B;-2.04%;2,910,000,000
16/12/2022;5222.58;5212.63;5258.9;5136.89;3.49B;-0.06%;3,490,000,000
15/12/2022;5225.49;5180.22;5249.64;5115.95;3.87B;0.87%;3,870,000,000
14/12/2022;5180.22;5303.83;5360.75;5128.16;9.16B;-2.09%;9,160,000,000
13/12/2022;5290.98;5032.61;5387.17;5025.76;27.80B;4.33%;27,800,000,000
12/12/2022;5071.19;5154.64;5154.64;5031.15;948.89M;-2.35%;948,890,000
09/12/2022;5193.21;5241.67;5269.04;5193.21;888.05M;-1.77%;888,050,000
08/12/2022;5286.67;5288;5308.15;5208.41;1.03B;-0.87%;1,030,000,000
07/12/2022;5333.01;5367.48;5412.47;5317.77;732.21M;-1.59%;732,210,000
06/12/2022;5418.91;5452.21;5453.97;5343.64;948.61M;-1.54%;948,610,000
05/12/2022;5503.64;5679.22;5701.41;5492.92;1.91B;-4.07%;1,910,000,000
02/12/2022;5737.08;5751.52;5794.79;5712.93;2.15B;-1.24%;2,150,000,000
01/12/2022;5809.38;5831.87;5870.69;5778.13;1.22B;-1.47%;1,220,000,000
30/11/2022;5896.17;5985.48;6092.54;5849.7;6.22B;-1.81%;6,220,000,000
29/11/2022;6004.76;6179.14;6193;5985.36;2.32B;-2.82%;2,320,000,000
28/11/2022;6179.14;6424.9;6449.52;6159.66;3.72B;-3.83%;3,720,000,000
25/11/2022;6424.9;6498.67;6517.56;6383.49;2.03B;-1.04%;2,030,000,000
24/11/2022;6492.24;6584.09;6635.45;6484.24;1.42B;-1.20%;1,420,000,000
23/11/2022;6571.23;6590.72;6667.81;6553.27;1.42B;-0.68%;1,420,000,000
22/11/2022;6616.44;6756.16;6766.22;6587.06;2.66B;-2.07%;2,660,000,000
21/11/2022;6756.16;6865.21;6929.24;6742.27;1.66B;-1.77%;1,660,000,000
18/11/2022;6878.07;6851.78;6938.18;6816.48;2.00B;0.57%;2,000,000,000
17/11/2022;6838.92;6887.35;6902.55;6771.06;1.54B;-0.70%;1,540,000,000
16/11/2022;6887.35;6851.52;6909.63;6764.06;2.32B;1.28%;2,320,000,000
15/11/2022;6800.09;6793.48;6823.6;6692.13;1.34B;0.29%;1,340,000,000
14/11/2022;6780.62;6940.87;6979.07;6763.15;1.45B;-2.31%;1,450,000,000
11/11/2022;6940.87;6716.02;6999.25;6716.02;4.14B;4.35%;4,140,000,000
10/11/2022;6651.73;6760.5;6760.5;6617.62;1.78B;-1.70%;1,780,000,000
09/11/2022;6766.93;6660.31;6792.59;6660.31;1.68B;1.70%;1,680,000,000
08/11/2022;6653.88;6569.08;6692.24;6560.69;1.73B;1.29%;1,730,000,000
07/11/2022;6569.08;6660.15;6689.27;6527.86;1.17B;-1.16%;1,170,000,000
04/11/2022;6646.06;6701.3;6737.52;6577.75;1.67B;-0.41%;1,670,000,000
03/11/2022;6673.1;6602.79;6756.7;6532.26;2.53B;1.06%;2,530,000,000
02/11/2022;6602.79;6490.2;6631.73;6490.2;1.33B;1.85%;1,330,000,000
01/11/2022;6483.15;6458.42;6606.96;6458.42;1.12B;0.49%;1,120,000,000
31/10/2022;6451.37;6516.77;6572.19;6451.37;1.03B;-0.68%;1,030,000,000
28/10/2022;6495.62;6645.13;6663.02;6474.3;1.23B;-2.15%;1,230,000,000
27/10/2022;6638.08;6693.75;6744.78;6579.27;1.23B;-0.62%;1,230,000,000
26/10/2022;6679.65;6473.67;6764.36;6473.67;2.82B;3.29%;2,820,000,000
25/10/2022;6466.63;6419.58;6504.07;6375.69;2.09B;0.73%;2,090,000,000
24/10/2022;6419.58;6488.1;6560.67;6397.16;2.03B;-0.84%;2,030,000,000
21/10/2022;6474;6552.66;6601.82;6474;1.17B;-0.99%;1,170,000,000
20/10/2022;6538.56;6497.94;6613.52;6446.21;2.34B;0.63%;2,340,000,000
19/10/2022;6497.94;6467.7;6497.94;6408.41;1.20B;0.69%;1,200,000,000
18/10/2022;6453.6;6508.6;6598.5;6391.04;1.79B;-0.41%;1,790,000,000
17/10/2022;6480.41;6476.44;6554.98;6384.96;1.91B;0.06%;1,910,000,000
14/10/2022;6476.44;6654.85;6727.41;6473.87;1.47B;-2.06%;1,470,000,000
13/10/2022;6612.55;6670.39;6711.83;6594.5;1.26B;-0.87%;1,260,000,000
12/10/2022;6670.39;6860.37;6893.43;6625.29;1.55B;-2.97%;1,550,000,000
11/10/2022;6874.46;7039.7;7045.63;6874.46;1.23B;-2.15%;1,230,000,000
10/10/2022;7025.6;7048.87;7057.31;6970.9;550.33M;-0.73%;550,330,000
07/10/2022;7077.07;7128.14;7166.73;7022.37;989.47M;-0.72%;989,470,000
06/10/2022;7128.14;7087.44;7218.51;7077.89;1.47B;0.98%;1,470,000,000
05/10/2022;7059.25;6946.3;7069.6;6928.94;1.31B;1.83%;1,310,000,000
04/10/2022;6932.2;6963.69;7054.26;6911.5;1.14B;-0.25%;1,140,000,000
03/10/2022;6949.59;6945.74;7039.41;6893.63;1.08B;-0.15%;1,080,000,000
30/09/2022;6959.84;7046.09;7047.08;6868.15;1.55B;-1.22%;1,550,000,000
29/09/2022;7046.09;7206.34;7269.93;7042.97;956.42M;-1.95%;956,420,000
28/09/2022;7185.88;7250.75;7269.36;7122.26;1.11B;-0.89%;1,110,000,000
27/09/2022;7250.75;7219.13;7289.7;7143.16;1.07B;0.44%;1,070,000,000
26/09/2022;7219.13;7354.95;7354.95;7160.03;1.35B;-2.25%;1,350,000,000
23/09/2022;7385.64;7438.12;7438.61;7344.7;1.31B;-0.71%;1,310,000,000
22/09/2022;7438.12;7451.25;7454.69;7373.2;981.64M;-0.45%;981,640,000
21/09/2022;7471.71;7426.5;7471.71;7317.9;1.24B;0.75%;1,240,000,000
20/09/2022;7416.27;7357.78;7466.3;7315.79;2.23B;0.94%;2,230,000,000
19/09/2022;7347.55;7483.5;7485.72;7296.78;1.76B;-1.82%;1,760,000,000
16/09/2022;7483.5;7519.08;7519.08;7293.04;3.03B;-0.47%;3,030,000,000
15/09/2022;7519.08;7616.82;7632.42;7519.08;2.26B;-1.15%;2,260,000,000
14/09/2022;7606.59;7627.52;7627.52;7499.87;1.67B;-0.54%;1,670,000,000
13/09/2022;7647.98;7704.11;7803.55;7638.55;1.72B;-0.60%;1,720,000,000
12/09/2022;7693.88;7647.42;7734.87;7637.27;2.44B;0.74%;2,440,000,000
09/09/2022;7637.19;7666.99;7724.11;7582.11;1.51B;-0.26%;1,510,000,000
08/09/2022;7656.76;7546.97;7700.11;7546.97;2.59B;1.73%;2,590,000,000
07/09/2022;7526.51;7565.93;7649.01;7503.73;1.53B;-0.52%;1,530,000,000
06/09/2022;7565.93;7577.94;7666.29;7563.38;871.64M;0.11%;871,640,000
05/09/2022;7557.48;7585.34;7627.38;7522.6;1.49B;-0.37%;1,490,000,000
02/09/2022;7585.34;7698.1;7754.91;7567.74;1.85B;-1.33%;1,850,000,000
01/09/2022;7687.87;7806.34;7812.92;7665.61;1.45B;-1.65%;1,450,000,000
31/08/2022;7816.57;7881.73;7887.46;7739.03;1.65B;-1.34%;1,650,000,000
30/08/2022;7922.64;7798.66;7992.93;7785.53;1.07B;1.59%;1,070,000,000
29/08/2022;7798.66;7895.01;7895.01;7695.71;1.44B;-2.23%;1,440,000,000
26/08/2022;7976.84;8068.66;8107.26;7976.84;923.34M;-1.14%;923,340,000
25/08/2022;8068.66;8058.64;8130.58;7993.55;915.45M;0.12%;915,450,000
24/08/2022;8058.64;7895.94;8092.57;7895.94;803.03M;2.33%;803,030,000
23/08/2022;7875.48;7834.7;7950.71;7805.23;1.17B;0.65%;1,170,000,000
22/08/2022;7824.47;8035.76;8035.76;7790.69;1.87B;-2.75%;1,870,000,000
19/08/2022;8045.99;8052.49;8177.39;8027.88;1.43B;-0.08%;1,430,000,000
18/08/2022;8052.49;8095.39;8138.28;7936.51;2.18B;-0.40%;2,180,000,000
16/08/2022;8085.17;7953.47;8114.24;7919.24;2.81B;1.53%;2,810,000,000
15/08/2022;7963.7;8083.54;8130.66;7897.45;1.34B;-1.48%;1,340,000,000
12/08/2022;8083.54;8266.63;8266.63;8049.69;1.02B;-2.09%;1,020,000,000
11/08/2022;8256.4;8085.89;8292.67;8085.89;1.88B;2.76%;1,880,000,000
10/08/2022;8034.75;7976.96;8076.69;7868.89;1.05B;0.85%;1,050,000,000
09/08/2022;7966.73;7955.16;8095.41;7908.64;1.66B;0.15%;1,660,000,000
08/08/2022;7955.16;8074.65;8155.11;7909.97;1.62B;-1.48%;1,620,000,000
05/08/2022;8074.65;8135.96;8246.71;8028.99;1.66B;-0.63%;1,660,000,000
04/08/2022;8125.73;7903.73;8258.02;7903.73;2.49B;3.08%;2,490,000,000
03/08/2022;7883.27;7637.16;7922.58;7631.43;2.40B;3.22%;2,400,000,000
02/08/2022;7637.16;7664.93;7745.61;7622.27;1.46B;-0.23%;1,460,000,000
01/08/2022;7654.7;7724.54;7791.85;7641.04;1.20B;-0.77%;1,200,000,000
29/07/2022;7714.31;7779.92;7884.16;7672.45;1.50B;-0.71%;1,500,000,000
28/07/2022;7769.69;7730.01;7940.68;7730.01;2.75B;0.91%;2,750,000,000
27/07/2022;7699.33;7642.44;7745.76;7600.57;1.97B;0.88%;1,970,000,000
26/07/2022;7632.21;7817.61;7828.94;7610.86;1.37B;-2.37%;1,370,000,000
25/07/2022;7817.61;8080.04;8096.98;7817.61;1.14B;-3.25%;1,140,000,000
22/07/2022;8080.04;7855.02;8103.3;7855.02;2.09B;2.86%;2,090,000,000
21/07/2022;7855.02;7893.67;8020.36;7808.22;2.07B;-0.49%;2,070,000,000
20/07/2022;7893.67;7745.56;7972.06;7745.56;2.32B;2.18%;2,320,000,000
19/07/2022;7725.1;7578.8;7731.96;7484.4;2.27B;2.35%;2,270,000,000
18/07/2022;7548.04;7635.85;7714.08;7498.63;1.72B;-1.15%;1,720,000,000
15/07/2022;7635.85;7605.34;7683.83;7575.92;1.30B;0.40%;1,300,000,000
14/07/2022;7605.34;7564.83;7654.35;7500.72;1.11B;0.54%;1,110,000,000
13/07/2022;7564.83;7701.42;7738.92;7546.49;1.28B;-1.77%;1,280,000,000
12/07/2022;7701.42;7711.79;7795.08;7661.01;1.59B;-0.13%;1,590,000,000
11/07/2022;7711.79;7803.7;7835.25;7672.29;1.14B;-0.92%;1,140,000,000
08/07/2022;7783.19;7587.67;7805.35;7587.67;1.71B;2.99%;1,710,000,000
07/07/2022;7556.91;7414.28;7577.3;7414.28;1.45B;1.92%;1,450,000,000
06/07/2022;7414.28;7472.05;7523.75;7357.01;1.67B;-1.04%;1,670,000,000
05/07/2022;7492.55;7439.89;7588.79;7371.22;1.81B;0.71%;1,810,000,000
04/07/2022;7439.89;7750.25;7753.42;7397.16;1.31B;-4.00%;1,310,000,000
01/07/2022;7750.25;7885.76;7891.51;7675.73;1.35B;-1.72%;1,350,000,000
30/06/2022;7885.76;7802.15;7924.04;7754.76;1.55B;1.07%;1,550,000,000
29/06/2022;7802.15;7712.73;7815.41;7654.05;1.36B;0.82%;1,360,000,000
28/06/2022;7739.02;7816.59;7823.3;7645.43;1.58B;-0.99%;1,580,000,000
27/06/2022;7816.59;7864.82;7920.85;7769.03;1.89B;-0.28%;1,890,000,000
24/06/2022;7838.53;7694.05;7915.87;7694.05;3.63B;1.88%;3,630,000,000
23/06/2022;7694.05;7754.36;7780.67;7638.04;1.67B;-0.78%;1,670,000,000
22/06/2022;7754.36;7876.18;7901.52;7683.22;2.22B;-1.22%;2,220,000,000
21/06/2022;7849.89;7743.78;7867.87;7657.01;3.09B;1.72%;3,090,000,000
20/06/2022;7717.49;7722.91;7786.95;7490.39;4.55B;-0.07%;4,550,000,000
17/06/2022;7722.91;7804.55;7810.25;7634.67;3.20B;-1.49%;3,200,000,000
16/06/2022;7839.32;8012.46;8067.09;7762.49;4.54B;-1.25%;4,540,000,000
15/06/2022;7938.62;7805.23;7991.03;7768;4.07B;1.83%;4,070,000,000
14/06/2022;7796.09;7659.75;7796.09;7633.53;5.47B;1.05%;5,470,000,000
13/06/2022;7715.04;7864.48;7937.26;7698.73;5.04B;-3.43%;5,040,000,000
10/06/2022;7988.65;8017.73;8104.63;7863.05;5.19B;-0.67%;5,190,000,000
09/06/2022;8042.71;8076.84;8241.43;8034.28;7.57B;-0.23%;7,570,000,000
08/06/2022;8060.99;7896.19;8130.46;7834.03;7.04B;2.17%;7,040,000,000
07/06/2022;7890.13;7758.06;7963.37;7626.62;7.52B;1.99%;7,520,000,000
06/06/2022;7736.44;8070.29;8107.49;7714.03;3.92B;-4.35%;3,920,000,000
03/06/2022;8088.56;8074.31;8205.75;8032.2;3.67B;0.45%;3,670,000,000
02/06/2022;8052.68;7713.6;8052.68;7710.25;6.30B;4.43%;6,300,000,000
31/05/2022;7711.18;7805.26;7814.64;7633.12;2.37B;-1.05%;2,370,000,000
30/05/2022;7792.77;7779.48;7834.48;7659.73;3.82B;0.77%;3,820,000,000
27/05/2022;7732.87;7660.61;7772.01;7635.19;3.39B;1.32%;3,390,000,000
25/05/2022;7632.27;7626.33;7724.13;7547.47;3.60B;-0.12%;3,600,000,000
24/05/2022;7641.25;7731.81;7857.16;7589.62;5.04B;-1.15%;5,040,000,000
23/05/2022;7729.94;7872.33;8003.77;7637.93;5.81B;-1.72%;5,810,000,000
20/05/2022;7865.62;7605.18;7987.01;7496.02;5.07B;4.11%;5,070,000,000
19/05/2022;7555.21;7299.93;7710.13;7095.71;8.63B;1.80%;8,630,000,000
18/05/2022;7421.87;6951.45;7432.85;6866.12;5.18B;5.57%;5,180,000,000
17/05/2022;7030.52;6956.56;7237.88;6859.99;4.45B;-0.12%;4,450,000,000
13/05/2022;7038.98;7146.61;7146.61;6998.99;1.61B;-3.81%;1,610,000,000
12/05/2022;7317.96;7592.61;7595.67;7288.05;683.50M;-4.65%;683,500,000
11/05/2022;7674.83;7815.53;7855.26;7630.26;;-2.71%;
10/05/2022;7888.61;8092.74;8092.74;7844.9;526.49M;-4.61%;526,490,000
09/05/2022;8269.49;8675.55;8675.55;8258.01;1.07B;-4.98%;1,070,000,000
28/04/2022;8702.95;8800.19;8806.87;8644.14;3.97B;-0.80%;3,970,000,000
27/04/2022;8773.34;8772.26;8800.71;8636.53;3.27B;-0.07%;3,270,000,000
26/04/2022;8779.53;8913.82;9045.26;8767.67;2.22B;-1.26%;2,220,000,000
25/04/2022;8891.26;8905.76;8949.04;8761.18;2.63B;-0.54%;2,630,000,000
22/04/2022;8939.88;8953.31;9005.66;8786.11;6.78B;-0.35%;6,780,000,000
21/04/2022;8971.58;8891.44;9006.29;8822.98;2.22B;1.08%;2,220,000,000
20/04/2022;8875.59;8890.68;9067.09;8854.85;7.47B;0.29%;7,470,000,000
19/04/2022;8849.85;8947.75;8982.95;8816.17;3.18B;-1.02%;3,180,000,000
18/04/2022;8941.04;9075.79;9101.07;8941.04;3.07B;-1.48%;3,070,000,000
14/04/2022;9075.79;9035.14;9100.58;8951.14;4.80B;0.52%;4,800,000,000
13/04/2022;9028.43;8912.22;9028.43;8779.38;4.37B;1.72%;4,370,000,000
12/04/2022;8875.68;8971.54;9365.86;8718.92;4.82B;-1.07%;4,820,000,000
11/04/2022;8971.54;8885.36;9473.04;8885.36;10.16B;0.97%;10,160,000,000
08/04/2022;8885.36;8891.48;8947.23;8753.88;447.98M;0.34%;447,980,000
07/04/2022;8854.94;8935.19;8982.19;8797.02;484.69M;-1.17%;484,690,000
06/04/2022;8959.55;8766.01;8959.55;8750.04;405.96M;2.10%;405,960,000
05/04/2022;8774.96;8553.65;8784.64;8553.65;625.03M;2.84%;625,030,000
04/04/2022;8532.52;8491.11;8594.42;8491.11;433.41M;0.81%;433,410,000
01/04/2022;8464.26;8662.05;8675.21;8451.5;697.00M;-2.01%;697,000,000
31/03/2022;8637.54;8531.6;8699.8;8490.49;978.54M;1.16%;978,540,000
30/03/2022;8538.08;8233.26;8538.08;8209.29;1.48B;4.03%;1,480,000,000
29/03/2022;8207.33;8208.53;8301.02;8177.72;1.01B;0.31%;1,010,000,000
28/03/2022;8182.05;8129.74;8237.94;8088.85;1.11B;0.81%;1,110,000,000
25/03/2022;8116.22;8219.46;8255.25;8072.8;636.72M;-1.17%;636,720,000
24/03/2022;8212.42;8128.23;8230.61;8054.7;814.73M;0.96%;814,730,000
23/03/2022;8134.71;8168.84;8222.93;8092.75;856.10M;-0.25%;856,100,000
22/03/2022;8155.32;8076.15;8155.32;7995.97;840.56M;1.31%;840,560,000
21/03/2022;8049.67;7947.06;8049.67;7903.34;903.27M;1.71%;903,270,000
18/03/2022;7914.1;7973.28;8015.13;7797.53;1.66B;-0.49%;1,660,000,000
17/03/2022;7953.29;7916.85;8026.1;7903.33;1.30B;1.49%;1,300,000,000
16/03/2022;7836.85;8003.63;8039.29;7743.9;1.12B;-0.90%;1,120,000,000
15/03/2022;7907.9;8041.82;8057.97;7869.35;699.93M;-1.59%;699,930,000
14/03/2022;8035.33;7889.75;8042.68;7838.59;860.66M;1.85%;860,660,000
11/03/2022;7889.75;7876.57;7923.56;7783.63;383.55M;0.17%;383,550,000
10/03/2022;7876.57;7768.65;7876.57;7720.23;638.81M;2.35%;638,810,000
09/03/2022;7695.69;7705.87;7911.31;7662.57;598.09M;-0.05%;598,090,000
08/03/2022;7699.38;7998.96;8044.93;7685.16;832.63M;-3.75%;832,630,000
07/03/2022;7998.96;8163;8252.34;7989.67;494.43M;-2.81%;494,430,000
04/03/2022;8230.04;8237.1;8357.72;8109.44;830.76M;0.24%;830,760,000
02/03/2022;8210.06;8338.08;8387.03;8189.44;426.36M;-1.54%;426,360,000
01/03/2022;8338.08;8144.26;8368.48;8126.95;741.71M;3.06%;741,710,000
25/02/2022;8090.75;8095.11;8240.03;8020.94;569.14M;0.27%;569,140,000
24/02/2022;8068.63;8244.01;8315.59;7891.22;583.97M;-2.13%;583,970,000
23/02/2022;8244.01;8123.35;8305.28;8100.41;516.08M;1.82%;516,080,000
22/02/2022;8096.31;8171.3;8298.52;8075.18;677.58M;-1.16%;677,580,000
21/02/2022;8191.3;8046.87;8199.31;8046.87;578.70M;2.05%;578,700,000
18/02/2022;8026.87;7877.59;8050.69;7832;294.83M;1.90%;294,830,000
17/02/2022;7877.59;7890.83;7967.19;7828.21;294.65M;0.09%;294,650,000
16/02/2022;7870.83;7942.9;7979.14;7853.64;913.37M;-0.49%;913,370,000
15/02/2022;7909.66;7959.91;7959.98;7853.61;332.45M;-0.12%;332,450,000
14/02/2022;7919.35;8130.18;8136.94;7866.16;463.66M;-2.59%;463,660,000
11/02/2022;8130.18;8104.17;8144.55;7943.04;338.87M;0.24%;338,870,000
10/02/2022;8110.93;8276.94;8308.24;8110.93;512.51M;-1.69%;512,510,000
09/02/2022;8250.46;8292.78;8323.62;8236.14;481.72M;-0.19%;481,720,000
08/02/2022;8266.02;8217.12;8330.43;8210.64;879.56M;0.52%;879,560,000
07/02/2022;8223.32;8224.81;8317.31;8193.79;524.18M;-0.02%;524,180,000
04/02/2022;8224.81;8121.11;8260.66;8057.5;452.60M;0.94%;452,600,000
03/02/2022;8147.87;8338.57;8357.87;8088.62;381.81M;-2.29%;381,810,000
02/02/2022;8338.57;7910.96;8349.28;7903.41;857.44M;5.67%;857,440,000
31/01/2022;7891.52;7822.19;7896.68;7767.47;654.19M;1.14%;654,190,000
28/01/2022;7802.75;7641.64;7815;7579.77;789.57M;2.19%;789,570,000
27/01/2022;7635.16;7719.71;7778.5;7588.6;787.89M;-1.18%;787,890,000
26/01/2022;7726.19;7598.69;7756.42;7598.69;482.72M;1.68%;482,720,000
25/01/2022;7598.69;7898.53;7930.36;7598.69;459.14M;-3.88%;459,140,000
24/01/2022;7905.01;8133.68;8157;7893.99;308.13M;-2.89%;308,130,000
21/01/2022;8140.16;8026.76;8211.55;7979.98;413.41M;1.41%;413,410,000
20/01/2022;8026.76;7981.39;8125.8;7891.79;599.28M;0.57%;599,280,000
19/01/2022;7981.39;8013.12;8075.63;7888.14;762.49M;-0.32%;762,490,000
18/01/2022;8006.64;8229.59;8271.75;7894.03;702.14M;-2.71%;702,140,000
17/01/2022;8229.59;8603.26;8704.49;8217.26;890.39M;-4.27%;890,390,000
14/01/2022;8596.78;8240.95;8622.42;8127.41;649.85M;4.32%;649,850,000
13/01/2022;8240.95;8531.68;8580.3;8210.34;833.39M;-3.33%;833,390,000
12/01/2022;8525.2;8727.4;8774.89;8491.81;869.57M;-2.17%;869,570,000
11/01/2022;8714.43;9157.26;9204.53;8700.36;1.06B;-4.84%;1,060,000,000
10/01/2022;9157.26;9484.71;9517.5;9157.26;774.37M;-3.52%;774,370,000
07/01/2022;9491.19;9552.33;9605.55;9461.03;463.02M;-0.44%;463,020,000
06/01/2022;9532.89;9636.7;9638.14;9349.13;623.50M;-1.08%;623,500,000
05/01/2022;9636.7;9840.27;9930.7;9557.4;964.98M;-1.91%;964,980,000
04/01/2022;9824.07;9421.35;9855.01;9415.96;1.54B;4.49%;1,540,000,000
03/01/2022;9401.91;8994.44;9403.67;8988.75;429.50M;4.53%;429,500,000
30/12/2021;8994.44;8685.46;9055.89;8681.29;1.04B;3.62%;1,040,000,000
29/12/2021;8680.2;8581.53;8804.12;8557.71;1.19B;1.21%;1,190,000,000
28/12/2021;8576.28;8501.36;8585.14;8454.39;598.48M;0.88%;598,480,000
27/12/2021;8501.36;8520.38;8567.4;8423.41;335.86M;-0.22%;335,860,000
24/12/2021;8520.38;8598.67;8654.1;8513.4;352.57M;-0.85%;352,570,000
23/12/2021;8593.42;8685.46;8714.96;8564.7;971.56M;-0.88%;971,560,000
22/12/2021;8669.7;8657.39;8842.26;8619.72;448.75M;0.20%;448,750,000
21/12/2021;8652.14;8811.14;8853.91;8621.66;302.19M;-1.80%;302,190,000
20/12/2021;8811.14;8701.82;8811.14;8669.12;411.84M;0.95%;411,840,000
17/12/2021;8728.09;8769.54;8790.71;8669.37;447.90M;-0.47%;447,900,000
16/12/2021;8769.54;8739.94;8900.54;8685.39;514.64M;0.40%;514,640,000
15/12/2021;8734.69;8850.82;8918.94;8698.48;840.88M;-1.31%;840,880,000
14/12/2021;8850.82;9052.3;9154.99;8795.2;929.10M;-2.08%;929,100,000
13/12/2021;9039.17;8983.63;9130.03;8981.88;1.03B;0.62%;1,030,000,000
10/12/2021;8983.63;8922.45;8985.26;8860.1;661.75M;0.69%;661,750,000
09/12/2021;8922.45;8807.33;8954.53;8795.51;1.04B;1.37%;1,040,000,000
08/12/2021;8802.08;8530.54;8829.03;8530.54;1.73B;3.44%;1,730,000,000
07/12/2021;8509.53;8494.3;8551.86;8424.39;1.58B;-0.56%;1,580,000,000
06/12/2021;8557.34;8659.89;8681.07;8518.27;823.55M;-1.30%;823,550,000
03/12/2021;8670.39;8684.68;8726.61;8602.65;428.99M;-0.47%;428,990,000
02/12/2021;8710.95;8681.33;8783.33;8614.36;997.05M;-0.02%;997,050,000
01/12/2021;8712.85;8859.12;8871.44;8605.1;945.55M;-1.80%;945,550,000
30/11/2021;8872.26;9071.58;9123.48;8755.97;972.62M;-1.91%;972,620,000
29/11/2021;9045.31;9023.15;9137.62;8921.11;;0.25%;
26/11/2021;9023.15;9122.29;9194.52;8967.41;1.11B;-1.23%;1,110,000,000
25/11/2021;9135.43;9236.46;9491.26;9134.04;1.14B;-1.09%;1,140,000,000
24/11/2021;9236.46;9370.12;9392.49;9236.46;318.37M;-1.43%;318,370,000
23/11/2021;9370.12;9439.08;9464.56;9324.91;352.31M;-0.59%;352,310,000
22/11/2021;9425.95;9482.14;9506.54;9363.24;709.55M;-0.73%;709,550,000
19/11/2021;9495.28;9368.96;9499.11;9368.84;937.75M;1.35%;937,750,000
18/11/2021;9368.96;9410.24;9478.14;9339.8;437.06M;-0.44%;437,060,000
17/11/2021;9410.24;9392.71;9444.99;9322.12;743.91M;0.33%;743,910,000
16/11/2021;9379.58;9388.67;9475.98;9350.6;588.47M;-0.51%;588,470,000
15/11/2021;9428.07;9373.7;9527.55;9354.21;599.90M;0.58%;599,900,000
12/11/2021;9373.7;9434.81;9464.97;9340.84;490.09M;-0.51%;490,090,000
11/11/2021;9421.67;9595.45;9597.06;9380.41;425.11M;-1.81%;425,110,000
10/11/2021;9595.45;9528.13;9690.67;9474.74;1.56B;0.71%;1,560,000,000
09/11/2021;9528.13;9257.95;9538.61;9247.63;519.08M;2.92%;519,080,000
08/11/2021;9257.95;9357.6;9433.01;9234.86;390.66M;-1.06%;390,660,000
05/11/2021;9357.6;9350.61;9424.26;9329.83;382.58M;0.36%;382,580,000
04/11/2021;9324.35;9299.15;9387.14;9270.38;362.05M;0.41%;362,050,000
03/11/2021;9286.02;9164.43;9313.45;9164.23;421.10M;1.47%;421,100,000
02/11/2021;9151.3;9240.17;9295.75;9132.06;433.36M;-0.96%;433,360,000
01/11/2021;9240.17;9404.79;9434.05;9227.51;564.09M;-1.75%;564,090,000
29/10/2021;9404.79;9339.61;9410.28;9280.68;538.81M;0.70%;538,810,000
28/10/2021;9339.61;9268.57;9375.78;9237.81;440.65M;0.77%;440,650,000
27/10/2021;9268.57;9336.41;9437.27;9215.62;522.32M;-0.59%;522,320,000
26/10/2021;9323.27;9346.7;9425.71;9263.8;571.68M;-0.25%;571,680,000
25/10/2021;9346.7;8968.2;9367.03;8965.34;952.94M;4.22%;952,940,000
22/10/2021;8968.2;8978.72;9083;8899.56;535.62M;-0.12%;535,620,000
21/10/2021;8978.72;8903.25;8978.72;8799.9;563.68M;1.00%;563,680,000
19/10/2021;8890.12;9058.49;9074.52;8855.34;547.14M;-1.57%;547,140,000
18/10/2021;9032.22;9028.75;9085.57;8943.19;397.80M;0.04%;397,800,000
15/10/2021;9028.75;9094.5;9150.61;8950.85;424.28M;-0.44%;424,280,000
14/10/2021;9068.23;8706.91;9100.82;8705.21;731.51M;4.15%;731,510,000
13/10/2021;8706.91;8745.31;8857.27;8592.16;1.20B;-0.59%;1,200,000,000
12/10/2021;8758.45;9053.24;9107.84;8749.12;745.55M;-3.26%;745,550,000
11/10/2021;9053.24;9345.21;9377.69;9016.89;449.10M;-3.12%;449,100,000
08/10/2021;9345.21;9345.84;9456.11;9315.08;350.79M;0.13%;350,790,000
07/10/2021;9332.7;9269.63;9332.7;9119.95;362.75M;0.82%;362,750,000
06/10/2021;9256.5;9092.16;9257.85;9013.89;409.90M;2.10%;409,900,000
05/10/2021;9065.9;9261.96;9330.59;9025.47;497.43M;-2.12%;497,430,000
04/10/2021;9261.96;9309.38;9383.26;9227.58;391.85M;-0.51%;391,850,000
01/10/2021;9309.38;9442.68;9477.98;9236.28;414.21M;-1.41%;414,210,000
30/09/2021;9442.68;9463.95;9569.33;9391.52;419.38M;-0.22%;419,380,000
29/09/2021;9463.95;9748.45;9760.85;9463.95;531.68M;-3.53%;531,680,000
28/09/2021;9810.45;9824.67;9839.2;9616.26;520.28M;-0.14%;520,280,000
27/09/2021;9824.67;9908.12;9953.53;9824.67;351.46M;-0.84%;351,460,000
24/09/2021;9908.12;9889.55;9942.2;9858.95;575.66M;0.19%;575,660,000
23/09/2021;9889.55;9717.84;9908.17;9717.84;971.98M;1.77%;971,980,000
22/09/2021;9717.84;9884.81;9940.52;9710.43;672.23M;-1.69%;672,230,000
21/09/2021;9884.81;9857.42;9959.41;9754.11;372.33M;0.28%;372,330,000
20/09/2021;9857.42;10115.31;10207.75;9841.49;564.96M;-2.55%;564,960,000
17/09/2021;10115.31;9829.83;10234.04;9820.45;532.23M;2.90%;532,230,000
16/09/2021;9829.83;10068.32;10109.03;9810.11;420.53M;-2.37%;420,530,000
15/09/2021;10068.32;10004.79;10122.01;9974.95;489.08M;0.64%;489,080,000
14/09/2021;10004.79;9812.77;10030.36;9812.82;588.52M;1.96%;588,520,000
13/09/2021;9812.77;9972.05;9988.27;9804.06;565.37M;-1.60%;565,370,000
10/09/2021;9972.05;9920.03;10076.83;9827.29;589.28M;0.52%;589,280,000
09/09/2021;9920.03;9952.77;10277.57;9906.12;833.19M;-0.33%;833,190,000
08/09/2021;9952.77;9944.39;10065.64;9806.57;478.76M;0.08%;478,760,000
07/09/2021;9944.39;10183.53;10214.7;9893.05;414.93M;-2.35%;414,930,000
06/09/2021;10183.53;10312.46;10385.14;10093.45;454.93M;-1.25%;454,930,000
03/09/2021;10312.46;10374.03;10443.23;10280.77;535.85M;-0.59%;535,850,000
02/09/2021;10374.03;10588.74;10663;10315;776.81M;-2.03%;776,810,000
01/09/2021;10588.74;10990.88;11080;10588.74;957.31M;-3.66%;957,310,000
31/08/2021;10990.88;10810.13;11028.71;10716.7;1.15B;1.67%;1,150,000,000
30/08/2021;10810.13;10765.18;10954.14;10584.55;461.64M;0.42%;461,640,000
27/08/2021;10765.18;10494.63;10808.2;10413.56;1.04B;2.58%;1,040,000,000
26/08/2021;10494.63;10474.29;10744.34;10366.57;870.12M;0.19%;870,120,000
25/08/2021;10474.29;10380.17;10615;10379.55;550.28M;0.91%;550,280,000
24/08/2021;10380.17;10128.25;10457.09;9988.14;846.84M;2.49%;846,840,000
23/08/2021;10128.25;9827.9;10157.17;9677.07;1.36B;3.06%;1,360,000,000
20/08/2021;9827.9;9785.58;9908.63;9493.72;1.05B;0.43%;1,050,000,000
19/08/2021;9785.58;9970.21;9970.21;9421.78;2.40B;-1.85%;2,400,000,000
18/08/2021;9970.21;10506.41;10506.41;9914.26;1.43B;-5.10%;1,430,000,000
16/08/2021;10506.41;11103.96;11131.38;10490.33;1.36B;-5.38%;1,360,000,000
13/08/2021;11103.96;11278.61;11456.62;11053.05;3.50B;-1.55%;3,500,000,000
12/08/2021;11278.61;11464.4;11360.53;10854.7;3.18B;-1.62%;3,180,000,000
10/08/2021;11464.4;11880.88;11994.79;11409.08;1.58B;-3.51%;1,580,000,000
09/08/2021;11880.88;11997.72;12704.02;11877.2;4.07B;-0.97%;4,070,000,000
06/08/2021;11997.72;11630.77;12282.32;11904.1;1.03B;3.16%;1,030,000,000
05/08/2021;11630.77;11592.68;11907.31;11592.68;526.46M;0.33%;526,460,000
04/08/2021;11592.68;11672.32;11703.17;11537.26;260.36M;-0.68%;260,360,000
03/08/2021;11672.32;11650.2;11719.31;11610.12;297.59M;0.19%;297,590,000
02/08/2021;11650.2;11732.89;11851.72;11647.4;580.96M;-0.70%;580,960,000
30/07/2021;11732.89;11625.52;11732.89;11596.31;655.23M;0.92%;655,230,000
29/07/2021;11625.52;11492.76;11780.89;11490.97;495.56M;1.16%;495,560,000
28/07/2021;11492.76;11510.82;11619.98;11456.69;1.26B;-0.16%;1,260,000,000
27/07/2021;11510.82;11375.5;11522.08;11375.5;727.61M;1.19%;727,610,000
26/07/2021;11375.5;11309.06;11522.12;11294.07;526.35M;0.59%;526,350,000
23/07/2021;11309.06;11242.81;11342.06;11164.36;524.56M;0.59%;524,560,000
22/07/2021;11242.81;10879.93;11256.59;10962.33;420.75M;3.34%;420,750,000
21/07/2021;10879.93;10860.82;10978.09;10701.42;524.68M;0.18%;524,680,000
19/07/2021;10860.82;10964.49;11027.09;10846.43;363.36M;-0.95%;363,360,000
16/07/2021;10964.49;11015.61;11052.16;10940.58;270.65M;-0.46%;270,650,000
15/07/2021;11015.61;10933.15;11052.82;10909.62;280.56M;0.75%;280,560,000
14/07/2021;10933.15;10789.2;10964.43;10723.5;282.81M;1.33%;282,810,000
13/07/2021;10789.2;11076.65;11115.97;10729.42;334.72M;-2.60%;334,720,000
12/07/2021;11076.65;11331.74;11431.55;11070.23;358.00M;-2.25%;358,000,000
09/07/2021;11331.74;11389.19;11686.69;11320.51;371.94M;-0.50%;371,940,000
08/07/2021;11389.19;11345.61;11491.1;11333.14;338.23M;0.38%;338,230,000
07/07/2021;11345.61;11278.33;11425.72;11252.84;327.97M;0.60%;327,970,000
06/07/2021;11278.33;10948.27;11378.72;10938.54;357.37M;3.01%;357,370,000
05/07/2021;10948.27;10820.97;11017.5;10715.69;275.85M;1.18%;275,850,000
02/07/2021;10820.97;10791.6;10904.85;10788.39;218.03M;0.27%;218,030,000
01/07/2021;10791.6;10703.24;10853.07;10668.58;327.01M;0.83%;327,010,000
30/06/2021;10703.24;10592.01;10703.24;10475.79;140.44M;1.05%;140,440,000
29/06/2021;10592.01;10713.26;10714.16;10586.2;150.48M;-1.13%;150,480,000
28/06/2021;10713.26;10793.34;10804.53;10666.29;184.36M;-0.74%;184,360,000
25/06/2021;10793.34;10861.55;10906.13;10757.85;220.37M;-0.63%;220,370,000
24/06/2021;10861.55;10839.53;10874.81;10799.22;381.38M;0.20%;381,380,000
23/06/2021;10839.53;10864.19;10914.95;10804.99;432.53M;-0.23%;432,530,000
22/06/2021;10864.19;10784;10881.91;10774.47;250.83M;0.74%;250,830,000
21/06/2021;10784;10852.92;10853.46;10756.5;281.23M;-0.64%;281,230,000
18/06/2021;10852.92;10840.24;11001.08;10762.47;374.32M;0.12%;374,320,000
17/06/2021;10840.24;10622.86;10876.27;10618.16;349.00M;2.05%;349,000,000
16/06/2021;10622.86;9219.5;10795.14;9216.87;169.25M;15.22%;169,250,000
15/06/2021;9219.5;9065.24;9275.4;9048.89;147.57M;1.70%;147,570,000
14/06/2021;9065.24;8104.33;9228.5;8080.36;156.75M;11.86%;156,750,000
11/06/2021;8104.33;7667.31;8857.06;7659.92;108.36M;5.70%;108,360,000
10/06/2021;7667.31;7030.4;8025.19;7040.85;220.01M;9.06%;220,010,000
09/06/2021;7030.4;6762.63;7712.58;6415.15;279.04M;3.96%;279,040,000
08/06/2021;6762.63;5963.19;6786.44;5927.26;214.06M;13.41%;214,060,000
07/06/2021;5963.19;5317.29;6016.73;5304.36;153.21M;12.15%;153,210,000
04/06/2021;5317.29;4705.12;5324.9;4705.58;93.07M;13.01%;93,070,000
03/06/2021;4705.12;4170.53;4705.96;4169.94;142.38M;12.82%;142,380,000
02/06/2021;4170.53;3793.32;4170.6;3789.36;90.18M;9.94%;90,180,000
31/05/2021;3793.32;3491.1;3793.32;3490.73;94.61M;8.66%;94,610,000
28/05/2021;3491.1;3531.58;3565.34;3423.14;209.75M;-1.15%;209,750,000
27/05/2021;3531.58;3505.74;3589.82;3489.82;242.30M;0.74%;242,300,000
25/05/2021;3505.74;3519.77;3527.84;3477.6;155.48M;-0.40%;155,480,000
24/05/2021;3519.77;3481.43;3569.98;3453.22;91.24M;1.10%;91,240,000
21/05/2021;3481.43;3460.69;3510.84;3443.03;156.91M;0.60%;156,910,000
20/05/2021;3460.69;3410.26;3460.69;3323.72;325.70M;1.48%;325,700,000
19/05/2021;3410.26;3184.22;3411.91;3173.19;243.30M;7.10%;243,300,000
18/05/2021;3184.22;3247.36;3247.36;3133;103.58M;-1.94%;103,580,000
17/05/2021;3247.36;3307.28;3309.37;3242.91;130.40M;-1.81%;130,400,000
11/05/2021;3307.28;3348.67;3349.44;3301.48;301.06M;-1.24%;301,060,000
10/05/2021;3348.67;3335.39;3353.44;3322.35;247.65M;0.40%;247,650,000
07/05/2021;3335.39;3345.84;3353.6;3244.24;184.24M;-0.31%;184,240,000
06/05/2021;3345.84;3334.2;3370.02;3331.57;227.33M;0.35%;227,330,000
05/05/2021;3334.2;3164.03;3345.05;3160.97;150.82M;5.38%;150,820,000
04/05/2021;3164.03;3219.38;3268.9;3164.03;171.12M;-1.72%;171,120,000
03/05/2021;3219.38;3185.54;3238.28;3171.84;219.96M;1.06%;219,960,000
30/04/2021;3185.54;3250.12;3267.3;3181.3;117.87M;-1.99%;117,870,000
29/04/2021;3250.12;3259.59;3266.34;3243.91;99.22M;-0.29%;99,220,000
28/04/2021;3259.59;3274.63;3284.81;3180.41;142.00M;-0.46%;142,000,000
27/04/2021;3274.63;3287.87;3336.88;3271.86;118.04M;-0.40%;118,040,000
26/04/2021;3287.87;3258.38;3324.94;3250.71;60.97M;0.90%;60,970,000
23/04/2021;3258.38;3234.89;3267.93;3221.23;44.47M;0.73%;44,470,000
22/04/2021;3234.89;3244.84;3244.84;3198.59;99.56M;-0.31%;99,560,000
21/04/2021;3244.84;3257.19;3262.3;3236.36;112.27M;-0.38%;112,270,000
20/04/2021;3257.19;3272.75;3295.71;3232.35;80.16M;-0.48%;80,160,000
19/04/2021;3272.75;3208.99;3284.58;3202.29;41.45M;1.99%;41,450,000
16/04/2021;3208.99;3175.57;3208.99;3138.85;61.01M;1.05%;61,010,000
15/04/2021;3175.57;3178.57;3200.24;3163.7;87.24M;-0.09%;87,240,000
14/04/2021;3178.57;3095.15;3178.57;3077.69;76.57M;2.70%;76,570,000
13/04/2021;3095.15;3155.72;3161.68;3058.25;83.01M;-1.92%;83,010,000
12/04/2021;3155.72;3159.82;3179.28;3134.77;67.70M;-0.13%;67,700,000
09/04/2021;3159.82;3145.33;3168.01;3145.46;85.53M;0.46%;85,530,000
08/04/2021;3145.33;3083.88;3148.01;3083.88;151.95M;1.99%;151,950,000
07/04/2021;3083.88;3040.92;3097.89;3031.04;237.68M;1.41%;237,680,000
06/04/2021;3040.92;2994.4;3060.31;2992.59;205.18M;1.55%;205,180,000
05/04/2021;2994.4;2961.08;3002.02;2961.66;216.99M;1.13%;216,990,000
01/04/2021;2961.08;2842.4;2961.08;2842.06;271.46M;4.18%;271,460,000
31/03/2021;2842.4;2927.61;2939.55;2834.69;50.23M;-2.91%;50,230,000
30/03/2021;2927.61;2933.78;2943.43;2830.52;41.78M;-0.21%;41,780,000
29/03/2021;2933.78;3006.64;3029.91;2902.55;45.80M;-2.42%;45,800,000
26/03/2021;3006.64;2846.19;3007.66;2846.41;52.63M;5.64%;52,630,000
25/03/2021;2846.19;2918.68;2924.08;2814.56;49.73M;-2.48%;49,730,000
24/03/2021;2918.68;2956.52;2958.24;2833.58;41.77M;-1.28%;41,770,000
23/03/2021;2956.52;3050.05;3068.38;2930.76;61.44M;-3.07%;61,440,000
22/03/2021;3050.05;2846.63;3050.05;2750.78;25.56M;7.15%;25,560,000
19/03/2021;2846.63;2967.28;2968.23;2842.51;73.85M;-4.07%;73,850,000
18/03/2021;2967.28;3099.34;3102.17;2967.11;245.73M;-4.26%;245,730,000
17/03/2021;3099.34;3108.11;3162.44;3092;50.84M;-0.28%;50,840,000
16/03/2021;3108.11;3056.69;3108.11;3038.35;135.86M;1.68%;135,860,000
15/03/2021;3056.69;3066.99;3069.97;3045.05;221.38M;-0.34%;221,380,000
12/03/2021;3066.99;3081.86;3087.69;3059.66;37.40M;-0.48%;37,400,000
10/03/2021;3081.86;3092.35;3097.92;3067.88;87.50M;-0.34%;87,500,000
09/03/2021;3092.35;3107.45;3107.45;3077.84;23.94M;-0.49%;23,940,000
08/03/2021;3107.45;3137.79;3143.67;3103.24;22.31M;-0.97%;22,310,000
05/03/2021;3137.79;3170.05;3172.42;3127.5;36.40M;-1.02%;36,400,000
04/03/2021;3170.05;3172.75;3207.7;3153.23;58.41M;-0.08%;58,410,000
03/03/2021;3172.75;3164.59;3243.6;3144.8;44.49M;0.26%;44,490,000
02/03/2021;3164.59;3183.87;3190.89;3150.42;53.55M;-0.61%;53,550,000
01/03/2021;3183.87;3216.44;3218.88;3175.61;91.31M;-1.01%;91,310,000
26/02/2021;3216.44;3240.97;3244.22;3196.46;71.86M;-0.76%;71,860,000
25/02/2021;3240.97;3271.66;3272.48;3229.14;177.97M;-0.94%;177,970,000
24/02/2021;3271.66;3308.08;3309.71;3254.02;61.55M;-1.10%;61,550,000
23/02/2021;3308.08;3347.99;3349.61;3295.64;172.91M;-1.19%;172,910,000
22/02/2021;3347.99;3388.65;3392.1;3327.82;131.58M;-1.20%;131,580,000
19/02/2021;3388.65;3439.44;3578.98;3373.65;65.20M;-1.48%;65,200,000
18/02/2021;3439.44;3326.69;3448.02;3325.88;154.75M;3.39%;154,750,000
17/02/2021;3326.69;3231.77;3354.07;3232.49;252.58M;2.94%;252,580,000
16/02/2021;3231.77;3131.94;3238.81;3131.94;176.45M;3.19%;176,450,000
15/02/2021;3131.94;3043.75;3134.5;3043.75;96.45M;2.90%;96,450,000
11/02/2021;3043.75;2973.55;3044.44;2973.55;64.96M;2.36%;64,960,000
10/02/2021;2973.55;2673.42;2978.33;2718.22;55.78M;11.23%;55,780,000
09/02/2021;2673.42;2498.55;2673.42;2498.55;84.41M;7.00%;84,410,000
08/02/2021;2498.55;2324.89;2570.46;2325.7;61.88M;7.47%;61,880,000
05/02/2021;2324.89;2160.58;2351.81;2159.71;82.90M;7.60%;82,900,000
04/02/2021;2160.58;2207.09;2409.87;2131.46;174.22M;-2.11%;174,220,000
03/02/2021;2207.09;2274.93;2277.95;2193.33;55.34M;-2.98%;55,340,000
02/02/2021;2274.93;2374.97;2605.27;2267.3;66.37M;-4.21%;66,370,000
01/02/2021;2374.97;2157.78;2374.97;2157.78;82.14M;10.07%;82,140,000
29/01/2021;2157.78;1990.16;2167.05;1990.16;61.86M;8.42%;61,860,000
28/01/2021;1990.16;1833.03;2010.3;1831.65;155.33M;8.57%;155,330,000
27/01/2021;1833.03;1841.17;1851.72;1824.88;105.36M;-0.44%;105,360,000
26/01/2021;1841.17;1873.3;1879.51;1836.28;32.66M;-1.72%;32,660,000
