Tanggal;Terakhir;Pembukaan;Tertinggi;Terendah;Vol;Perubahan%;Vol;Vol
05/11/2024;2733.88;2727.2;2753.07;2727.2;1.25B;0.59%;1.25;1,250,000,000
04/11/2024;2717.76;2733.17;2745.68;2707.56;3.02B;-0.45%;3.02;3,020,000,000
01/11/2024;2729.92;2752.01;2765.89;2725;2.42B;-0.86%;2.42;2,420,000,000
31/10/2024;2753.64;2719.69;2768.71;2716.52;2.81B;1.31%;2.81;2,810,000,000
30/10/2024;2718.14;2714.98;2729.38;2696.68;2.17B;0.12%;2.17;2,170,000,000
29/10/2024;2714.98;2743.69;2753.9;2712.2;2.95B;-1.01%;2.95;2,950,000,000
28/10/2024;2742.71;2755.87;2771.2;2728.27;3.41B;-0.56%;3.41;3,410,000,000
25/10/2024;2758.12;2780.96;2802.52;2756.66;4.89B;-0.76%;4.89;4,890,000,000
24/10/2024;2779.38;2812.07;2817.08;2774.41;4.44B;-1.14%;4.44;4,440,000,000
23/10/2024;2811.29;2813.57;2839.84;2805.27;9.33B;-0.04%;9.33;9,330,000,000
22/10/2024;2812.35;2777.08;2814.23;2768.95;4.31B;1.36%;4.31;4,310,000,000
21/10/2024;2774.5;2768.1;2794.53;2760.26;4.03B;0.26%;4.03;4,030,000,000
18/10/2024;2767.31;2786.91;2796.62;2762.55;5.29B;-0.67%;5.29;5,290,000,000
17/10/2024;2786.02;2751.22;2791.76;2747.43;5.49B;1.31%;5.49;5,490,000,000
16/10/2024;2750.11;2752.12;2754.71;2727.79;3.39B;0.02%;3.39;3,390,000,000
15/10/2024;2749.61;2752.46;2764.65;2742.56;4.16B;-0.17%;4.16;4,160,000,000
14/10/2024;2754.29;2727.63;2761.56;2724.11;4.12B;1.04%;4.12;4,120,000,000
11/10/2024;2726.05;2717.75;2741.82;2717.75;4.70B;0.63%;4.7;4,700,000,000
10/10/2024;2709.11;2710.85;2718.89;2688.98;2.74B;-0.06%;2.74;2,740,000,000
09/10/2024;2710.73;2732.18;2736.9;2702.88;3.50B;-0.76%;3.5;3,500,000,000
08/10/2024;2731.41;2773.12;2783.4;2728.32;2.81B;-1.37%;2.81;2,810,000,000
07/10/2024;2769.41;2761.55;2793.64;2761.32;3.44B;0.81%;3.44;3,440,000,000
04/10/2024;2747.12;2752.98;2770.97;2746.04;3.25B;0.09%;3.25;3,250,000,000
03/10/2024;2744.6;2765.61;2772.79;2738.81;3.36B;-0.71%;3.36;3,360,000,000
02/10/2024;2764.29;2776.86;2791.65;2732.43;11.89B;-0.30%;11.89;11,890,000,000
01/10/2024;2772.56;2707.56;2772.81;2702.06;6.63B;2.50%;6.63;6,630,000,000
30/09/2024;2705.01;2765.65;2772.74;2705.01;3.22B;-2.11%;3.22;3,220,000,000
27/09/2024;2763.29;2732.11;2768.34;2717.02;1.96B;1.10%;1.96;1,960,000,000
26/09/2024;2733.11;2715.39;2735.64;2706.06;2.09B;0.77%;2.09;2,090,000,000
25/09/2024;2712.32;2730.5;2739.4;2704.79;2.25B;-0.51%;2.25;2,250,000,000
24/09/2024;2726.29;2719.02;2730.2;2705.74;2.37B;0.43%;2.37;2,370,000,000
23/09/2024;2714.51;2668.8;2718.83;2665.63;4.04B;1.83%;4.04;4,040,000,000
20/09/2024;2665.64;2689.36;2690.94;2621.55;3.26B;-0.85%;3.26;3,260,000,000
19/09/2024;2688.52;2662.13;2688.52;2652.94;3.49B;1.00%;3.49;3,490,000,000
18/09/2024;2661.86;2670.65;2681.86;2658.67;2.55B;-0.19%;2.55;2,550,000,000
17/09/2024;2666.94;2644.77;2669.92;2630.66;2.85B;0.89%;2.85;2,850,000,000
13/09/2024;2643.5;2662.92;2664.95;2636.69;1.53B;-0.65%;1.53;1,530,000,000
12/09/2024;2660.84;2653.4;2685.32;2653.4;2.18B;1.57%;2.18;2,180,000,000
11/09/2024;2619.7;2625.18;2634.03;2608.26;1.55B;-0.24%;1.55;1,550,000,000
10/09/2024;2626.06;2624.47;2637.44;2620.4;1.32B;-0.09%;1.32;1,320,000,000
09/09/2024;2628.49;2645.49;2651.09;2612.79;1.64B;-0.62%;1.64;1,640,000,000
06/09/2024;2644.91;2658.11;2674.58;2641.07;1.60B;-0.61%;1.6;1,600,000,000
05/09/2024;2661.24;2662.98;2674.72;2642.69;1.72B;-0.05%;1.72;1,720,000,000
04/09/2024;2662.58;2655.05;2682.66;2630.5;2.11B;-0.19%;2.11;2,110,000,000
03/09/2024;2667.63;2682.58;2695.05;2660.54;3.55B;-0.53%;3.55;3,550,000,000
02/09/2024;2681.88;2667.35;2705.11;2662.87;1.99B;0.71%;1.99;1,990,000,000
30/08/2024;2662.89;2679.71;2719.96;2656.01;1.96B;-0.54%;1.96;1,960,000,000
29/08/2024;2677.43;2694.97;2744.96;2666.5;2.07B;-0.57%;2.07;2,070,000,000
28/08/2024;2692.76;2632.41;2699.12;2632.39;1.65B;2.44%;1.65;1,650,000,000
27/08/2024;2628.74;2623.02;2633.01;2617.71;1.68B;0.26%;1.68;1,680,000,000
26/08/2024;2621.91;2596.89;2623.19;2596.89;1.43B;1.14%;1.43;1,430,000,000
23/08/2024;2592.4;2561.39;2599.32;2561.39;1.35B;1.28%;1.35;1,350,000,000
22/08/2024;2559.6;2572.4;2581.52;2549.07;1.84B;-0.67%;1.84;1,840,000,000
21/08/2024;2576.83;2567.12;2587.26;2563.5;2.66B;0.42%;2.66;2,660,000,000
20/08/2024;2565.99;2565.22;2577.25;2561.09;1.48B;0.10%;1.48;1,480,000,000
19/08/2024;2563.36;2564.57;2584.69;2558.03;2.07B;-0.06%;2.07;2,070,000,000
16/08/2024;2565.01;2552.9;2578.3;2552.8;2.71B;0.70%;2.71;2,710,000,000
15/08/2024;2547.26;2563.51;2566.68;2541.83;1.92B;-0.65%;1.92;1,920,000,000
14/08/2024;2563.88;2554.9;2570.07;2550.31;1.43B;0.30%;1.43;1,430,000,000
13/08/2024;2556.29;2509.5;2564.96;2509.5;2.27B;2.11%;2.27;2,270,000,000
12/08/2024;2503.58;2429.54;2505.04;2427.63;2.52B;3.23%;2.52;2,520,000,000
09/08/2024;2425.17;2418.12;2433.06;2415.77;1.36B;0.50%;1.36;1,360,000,000
08/08/2024;2413.17;2420.23;2424.85;2400.28;1.25B;-0.34%;1.25;1,250,000,000
07/08/2024;2421.41;2392.36;2426.75;2392.36;1.35B;1.33%;1.35;1,350,000,000
06/08/2024;2389.51;2367.71;2393.08;2352.07;1.55B;1.38%;1.55;1,550,000,000
05/08/2024;2356.94;2469.17;2469.17;2338.47;2.28B;-4.94%;2.28;2,280,000,000
02/08/2024;2479.49;2456.41;2488.67;2452.46;1.82B;0.81%;1.82;1,820,000,000
01/08/2024;2459.64;2456.2;2465.03;2447.43;1.67B;0.34%;1.67;1,670,000,000
31/07/2024;2451.41;2455.53;2462.33;2443.1;2.06B;-0.03%;2.06;2,060,000,000
30/07/2024;2452.21;2462.64;2472.01;2447.04;2.01B;-0.40%;2.01;2,010,000,000
29/07/2024;2462;2463.33;2484.12;2456.53;2.77B;0.03%;2.77;2,770,000,000
26/07/2024;2461.26;2432.95;2461.26;2431.91;1.49B;1.31%;1.49;1,490,000,000
25/07/2024;2429.33;2452.09;2457.25;2424.35;1.15B;-0.95%;1.15;1,150,000,000
24/07/2024;2452.53;2468.7;2478.48;2452.13;1.64B;-0.62%;1.64;1,640,000,000
23/07/2024;2467.96;2492.57;2514.32;2466.42;1.66B;-1.00%;1.66;1,660,000,000
22/07/2024;2492.82;2457.78;2498.78;2457.78;1.34B;1.51%;1.34;1,340,000,000
19/07/2024;2455.72;2459.57;2477.04;2450.52;1.59B;-0.08%;1.59;1,590,000,000
18/07/2024;2457.7;2417.29;2457.7;2416.18;1.31B;1.70%;1.31;1,310,000,000
17/07/2024;2416.5;2423.73;2429.59;2412.44;1.37B;-0.05%;1.37;1,370,000,000
16/07/2024;2417.64;2419;2428;2414.24;1.33B;0.10%;1.33;1,330,000,000
15/07/2024;2415.15;2416.12;2434.25;2409.65;2.03B;0.03%;2.03;2,030,000,000
12/07/2024;2414.48;2428.36;2436.81;2414.1;3.11B;-0.53%;3.11;3,110,000,000
11/07/2024;2427.34;2423.23;2437.29;2420.69;3.43B;0.32%;3.43;3,430,000,000
10/07/2024;2419.65;2423;2437.89;2415.96;3.59B;-0.08%;3.59;3,590,000,000
09/07/2024;2421.61;2438.2;2444.3;2417.06;3.15B;-0.76%;3.15;3,150,000,000
08/07/2024;2440.14;2449.96;2454.44;2427.92;3.99B;-0.44%;3.99;3,990,000,000
05/07/2024;2450.95;2450.22;2461.67;2442.98;4.52B;0.10%;4.52;4,520,000,000
04/07/2024;2448.52;2444.07;2458.1;2435.94;4.68B;0.37%;4.68;4,680,000,000
03/07/2024;2439.53;2405.58;2439.53;2404.89;3.28B;1.48%;3.28;3,280,000,000
02/07/2024;2403.95;2370.38;2416.61;2369.92;3.40B;1.52%;3.4;3,400,000,000
01/07/2024;2367.94;2316.72;2376.6;2316.61;1.58B;2.27%;1.58;1,580,000,000
28/06/2024;2315.38;2286.85;2322.39;2285.81;1.11B;1.28%;1.11;1,110,000,000
27/06/2024;2286.07;2277.02;2286.07;2272.42;1.17B;0.39%;1.17;1,170,000,000
26/06/2024;2277.16;2265.13;2279.81;2263.34;1.36B;0.51%;1.36;1,360,000,000
25/06/2024;2265.6;2269.27;2276.46;2260.78;1.31B;-0.06%;1.31;1,310,000,000
24/06/2024;2267.07;2255.1;2270.48;2247.42;1.07B;0.56%;1.07;1,070,000,000
21/06/2024;2254.54;2258.07;2271.95;2243.56;1.32B;-0.04%;1.32;1,320,000,000
20/06/2024;2255.42;2227.72;2260.63;2225.36;1.24B;1.36%;1.24;1,240,000,000
19/06/2024;2225.1;2210.72;2233.79;2184.66;1.47B;0.80%;1.47;1,470,000,000
14/06/2024;2207.37;2253.86;2256.65;2207.37;1.75B;-1.93%;1.75;1,750,000,000
13/06/2024;2250.73;2228.55;2295.94;2228.42;1.10B;1.18%;1.1;1,100,000,000
12/06/2024;2224.41;2237.66;2243.86;2217.14;2.76B;-0.46%;2.76;2,760,000,000
11/06/2024;2234.64;2234.86;2245.91;2222.22;1.79B;0.14%;1.79;1,790,000,000
10/06/2024;2231.42;2248.2;2251.54;2222.24;1.51B;-1.38%;1.51;1,510,000,000
07/06/2024;2262.65;2263.6;2281.22;2256.48;2.02B;0.01%;2.02;2,020,000,000
06/06/2024;2262.35;2265.01;2273.03;2253.88;1.97B;0.05%;1.97;1,970,000,000
05/06/2024;2261.1;2297.91;2298.01;2253.43;2.65B;-1.71%;2.65;2,650,000,000
04/06/2024;2300.5;2331.11;2338.32;2293.57;3.50B;-1.39%;3.5;3,500,000,000
03/06/2024;2332.93;2310.76;2334.9;2307.75;2.61B;1.14%;2.61;2,610,000,000
31/05/2024;2306.6;2317.78;2327.36;2304.2;3.50B;-0.46%;3.5;3,500,000,000
30/05/2024;2317.22;2318.8;2331.06;2297.56;3.96B;-0.03%;3.96;3,960,000,000
29/05/2024;2317.81;2309.42;2322.02;2289.81;2.08B;0.45%;2.08;2,080,000,000
28/05/2024;2307.33;2252.9;2329.44;2245.17;2.72B;1.67%;2.72;2,720,000,000
27/05/2024;2269.37;2292.87;2297.06;2260.8;1.65B;-1.01%;1.65;1,650,000,000
22/05/2024;2292.57;2240.8;2308.47;2238.56;1.69B;2.30%;1.69;1,690,000,000
21/05/2024;2240.99;2237.91;2258.54;2221.89;2.11B;-0.47%;2.11;2,110,000,000
20/05/2024;2251.56;2238.06;2270.73;2238.06;3.41B;0.78%;3.41;3,410,000,000
17/05/2024;2234.17;2231.37;2240.19;2226.94;2.16B;0.21%;2.16;2,160,000,000
16/05/2024;2229.45;2219.59;2242;2219.59;1.75B;0.54%;1.75;1,750,000,000
15/05/2024;2217.38;2217.51;2223.8;2191.66;3.26B;0.06%;3.26;3,260,000,000
14/05/2024;2216.07;2236.09;2239.02;2211.5;3.02B;-0.97%;3.02;3,020,000,000
13/05/2024;2237.88;2224.87;2244.88;2222.26;2.00B;0.37%;2;2,000,000,000
08/05/2024;2229.74;2228.19;2236.09;2214.99;2.65B;0.11%;2.65;2,650,000,000
07/05/2024;2227.22;2222.8;2236.23;2222.65;3.78B;0.24%;3.78;3,780,000,000
06/05/2024;2221.85;2206.81;2225.65;2192.83;3.36B;1.04%;3.36;3,360,000,000
03/05/2024;2199.06;2206.42;2211.46;2189.95;2.61B;-0.20%;2.61;2,610,000,000
02/05/2024;2203.46;2211.78;2226.84;2189.5;2.26B;-1.14%;2.26;2,260,000,000
01/05/2024;2228.96;2204.38;2230.15;2204.38;;0.00%;;
30/04/2024;2228.96;2204.38;2230.15;2204.38;2.61B;1.77%;2.61;2,610,000,000
29/04/2024;2190.2;2145.09;2190.2;2129.11;1.73B;2.46%;1.73;1,730,000,000
26/04/2024;2137.65;2168.79;2173.62;2136.47;2.71B;-1.36%;2.71;2,710,000,000
25/04/2024;2167.15;2190.06;2194.48;2158.64;3.53B;-1.10%;3.53;3,530,000,000
24/04/2024;2191.28;2200.26;2218.66;2186.27;4.76B;-0.27%;4.76;4,760,000,000
23/04/2024;2197.13;2171.71;2217.33;2171.71;5.74B;1.26%;5.74;5,740,000,000
22/04/2024;2169.83;2186.45;2194.62;2166.67;1.70B;-0.69%;1.7;1,700,000,000
19/04/2024;2184.82;2190.61;2197.98;2165.4;2.44B;-0.03%;2.44;2,440,000,000
18/04/2024;2185.58;2196.58;2198.54;2173.57;1.77B;-0.54%;1.77;1,770,000,000
17/04/2024;2197.39;2201.3;2215.62;2190.93;2.32B;-0.39%;2.32;2,320,000,000
16/04/2024;2205.92;2164.95;2215.55;2153.65;1.71B;2.32%;1.71;1,710,000,000
05/04/2024;2155.81;2138.56;2158.89;2135.92;1.15B;0.86%;1.15;1,150,000,000
04/04/2024;2137.41;2141.07;2146.5;2119.27;1.08B;-0.15%;1.08;1,080,000,000
03/04/2024;2140.6;2137.96;2161.91;2135.04;1.60B;0.15%;1.6;1,600,000,000
02/04/2024;2137.49;2106.53;2137.49;2103.09;1.03B;1.59%;1.03;1,030,000,000
01/04/2024;2104.07;2123.37;2126.72;2093.63;1.64B;-0.87%;1.64;1,640,000,000
28/03/2024;2122.53;2141.52;2149.83;2116.72;1.15B;-0.71%;1.15;1,150,000,000
27/03/2024;2137.76;2140.25;2147.38;2130.32;1.14B;-0.12%;1.14;1,140,000,000
26/03/2024;2140.35;2131.97;2142.93;2124.86;1.15B;0.62%;1.15;1,150,000,000
25/03/2024;2127.13;2137.44;2145.16;2121.93;1.14B;-0.37%;1.14;1,140,000,000
22/03/2024;2134.95;2144.72;2148.75;2130.76;1.01B;-0.46%;1.01;1,010,000,000
21/03/2024;2144.77;2132.13;2155.28;2130.6;1.61B;0.72%;1.61;1,610,000,000
20/03/2024;2129.47;2131.18;2138.03;2124.73;1.64B;-0.03%;1.64;1,640,000,000
19/03/2024;2130.05;2117.15;2137.75;2117.13;1.67B;0.73%;1.67;1,670,000,000
18/03/2024;2114.66;2121.75;2131.24;2114.66;1.99B;-0.30%;1.99;1,990,000,000
15/03/2024;2121.01;2142.54;2153.2;2121.01;1.93B;-0.89%;1.93;1,930,000,000
14/03/2024;2140.1;2090.66;2140.1;2090.22;1.29B;2.54%;1.29;1,290,000,000
13/03/2024;2087.07;2138.95;2141.38;2087.07;1.17B;-2.40%;1.17;1,170,000,000
08/03/2024;2138.32;2146.93;2153.04;2132.06;1.02B;-0.42%;1.02;1,020,000,000
07/03/2024;2147.29;2128.63;2150.77;2125.31;1.97B;0.92%;1.97;1,970,000,000
06/03/2024;2127.77;2130.74;2137.72;2114.23;1.55B;-0.11%;1.55;1,550,000,000
05/03/2024;2130.21;2118.93;2130.21;2112.05;1.76B;0.72%;1.76;1,760,000,000
04/03/2024;2115.02;2116.34;2129.69;2110.99;1.67B;0.24%;1.67;1,670,000,000
01/03/2024;2109.97;2111.05;2120.7;2106.5;1.53B;0.14%;1.53;1,530,000,000
29/02/2024;2106.92;2109.78;2114.8;2101.27;4.49B;-0.03%;4.49;4,490,000,000
28/02/2024;2107.5;2108.48;2112.2;2097.2;4.20B;0.21%;4.2;4,200,000,000
27/02/2024;2103.02;2114.36;2118.2;2089.37;2.81B;-0.20%;2.81;2,810,000,000
26/02/2024;2107.16;2102.96;2111.6;2085.45;1.90B;0.19%;1.9;1,900,000,000
23/02/2024;2103.24;2109.24;2114.21;2096.01;1.78B;-0.18%;1.78;1,780,000,000
22/02/2024;2107.08;2089.2;2113.45;2085.05;2.26B;0.92%;2.26;2,260,000,000
21/02/2024;2087.89;2084.62;2092.01;2075.62;1.89B;0.30%;1.89;1,890,000,000
20/02/2024;2081.69;2103.38;2110.96;2075.72;1.77B;-1.13%;1.77;1,770,000,000
19/02/2024;2105.58;2098.2;2111.32;2094.59;3.64B;0.43%;3.64;3,640,000,000
16/02/2024;2096.65;2091.54;2097.8;2083.52;2.97B;0.37%;2.97;2,970,000,000
15/02/2024;2088.85;2094.78;2111.19;2083.63;2.60B;0.11%;2.6;2,600,000,000
13/02/2024;2086.64;2086.56;2092.06;2075.11;2.25B;0.04%;2.25;2,250,000,000
12/02/2024;2085.75;2079.51;2089.98;2071.79;2.29B;0.42%;2.29;2,290,000,000
07/02/2024;2076.97;2083.79;2090.05;2071.54;2.20B;-0.30%;2.2;2,200,000,000
06/02/2024;2083.2;2077.14;2088.9;2074.48;1.29B;0.54%;1.29;1,290,000,000
05/02/2024;2071.92;2078.65;2094.85;2071.92;1.56B;-0.24%;1.56;1,560,000,000
02/02/2024;2076.88;2085.25;2090.53;2067.83;1.45B;-0.39%;1.45;1,450,000,000
01/02/2024;2084.99;2105.67;2107.95;2081.87;1.88B;-1.01%;1.88;1,880,000,000
31/01/2024;2106.35;2103.6;2125.25;2096.64;2.79B;0.40%;2.79;2,790,000,000
30/01/2024;2097.94;2103.65;2113.18;2091.63;1.83B;-0.35%;1.83;1,830,000,000
29/01/2024;2105.24;2120.18;2130.35;2101.87;2.00B;-0.51%;2;2,000,000,000
26/01/2024;2115.97;2142.57;2145.72;2114.97;3.32B;-0.97%;3.32;3,320,000,000
25/01/2024;2136.79;2115.48;2154.47;2113.93;2.25B;1.04%;2.25;2,250,000,000
24/01/2024;2114.88;2130.78;2142.57;2105.46;1.78B;-0.61%;1.78;1,780,000,000
23/01/2024;2127.88;2134.35;2144.86;2116.08;1.91B;-0.22%;1.91;1,910,000,000
22/01/2024;2132.52;2162.85;2164.41;2122.93;1.58B;-1.46%;1.58;1,580,000,000
19/01/2024;2164.07;2181.79;2185.98;2139.49;2.67B;-0.76%;2.67;2,670,000,000
18/01/2024;2180.61;2178.83;2180.79;2155.62;2.19B;0.06%;2.19;2,190,000,000
17/01/2024;2179.35;2195.28;2198.59;2166.23;2.18B;-0.71%;2.18;2,180,000,000
16/01/2024;2194.91;2201.26;2203.22;2173.04;2.14B;-0.24%;2.14;2,140,000,000
15/01/2024;2200.27;2179.94;2204.02;2179.34;2.30B;1.05%;2.3;2,300,000,000
12/01/2024;2177.36;2163.85;2183.09;2160.38;2.34B;0.78%;2.34;2,340,000,000
11/01/2024;2160.56;2168.44;2172.2;2159.54;2.21B;-0.36%;2.21;2,210,000,000
10/01/2024;2168.31;2163.72;2179.19;2163.59;2.28B;0.53%;2.28;2,280,000,000
09/01/2024;2156.9;2169.87;2176.22;2150.04;2.80B;-0.62%;2.8;2,800,000,000
08/01/2024;2170.42;2183.47;2191.93;2166.19;2.24B;-0.47%;2.24;2,240,000,000
05/01/2024;2180.74;2174.06;2183.76;2171.96;2.10B;0.43%;2.1;2,100,000,000
04/01/2024;2171.31;2139.51;2173.9;2137.46;2.43B;1.71%;2.43;2,430,000,000
03/01/2024;2134.8;2138.05;2146.93;2122.19;3.78B;-0.38%;3.78;3,780,000,000
02/01/2024;2142.96;2101.79;2142.96;2100.54;2.69B;2.00%;2.69;2,690,000,000
29/12/2023;2100.86;2100.09;2102.58;2085.94;1.74B;-0.48%;1.74;1,740,000,000
28/12/2023;2110.94;2105.19;2121.76;2104.92;1.86B;0.32%;1.86;1,860,000,000
27/12/2023;2104.11;2100.56;2113.06;2100.2;2.69B;0.32%;2.69;2,690,000,000
26/12/2023;2097.44;2103.04;2108.01;2094.99;;0.00%;;
22/12/2023;2097.44;2103.04;2108.01;2094.99;1.53B;-0.15%;1.53;1,530,000,000
21/12/2023;2100.64;2109.37;2111.1;2092.38;2.11B;-0.45%;2.11;2,110,000,000
20/12/2023;2110.19;2105.55;2120.26;2105.16;2.31B;0.38%;2.31;2,310,000,000
19/12/2023;2102.13;2087.81;2104.07;2086.53;2.26B;1.06%;2.26;2,260,000,000
18/12/2023;2080.15;2092.63;2113.1;2067.13;2.75B;-0.46%;2.75;2,750,000,000
15/12/2023;2089.85;2061.17;2096.42;2060.3;4.93B;1.59%;4.93;4,930,000,000
14/12/2023;2057.11;2026.82;2059.73;2013.8;2.87B;1.64%;2.87;2,870,000,000
13/12/2023;2023.9;2037.56;2041.47;2017.97;2.00B;-0.90%;2;2,000,000,000
12/12/2023;2042.32;2030.24;2049.53;2003.46;2.49B;0.65%;2.49;2,490,000,000
11/12/2023;2029.2;2042.48;2053.92;2011.19;3.57B;-0.49%;3.57;3,570,000,000
08/12/2023;2039.26;2004.33;2045.04;2004.33;2.24B;1.79%;2.24;2,240,000,000
07/12/2023;2003.46;2018.4;2028.39;1991.76;2.40B;-0.74%;2.4;2,400,000,000
06/12/2023;2018.4;2020.99;2031.31;2014.02;2.68B;-0.13%;2.68;2,680,000,000
05/12/2023;2020.99;2022.32;2036.69;2002.79;2.48B;-0.04%;2.48;2,480,000,000
04/12/2023;2021.89;2009.54;2029.79;2007.79;2.93B;0.66%;2.93;2,930,000,000
01/12/2023;2008.67;2019.97;2039.74;2003.75;2.07B;-0.52%;2.07;2,070,000,000
30/11/2023;2019.1;2014.54;2027.93;2009.38;4.23B;0.23%;4.23;4,230,000,000
29/11/2023;2014.54;2004.67;2022.17;2004.67;2.00B;0.51%;2;2,000,000,000
28/11/2023;2004.23;1983.02;2006.91;1983.02;2.33B;1.09%;2.33;2,330,000,000
27/11/2023;1982.59;1970.52;1988.74;1967.98;1.81B;0.61%;1.81;1,810,000,000
24/11/2023;1970.52;1971.49;1977.98;1963.19;1.75B;-0.03%;1.75;1,750,000,000
23/11/2023;1971.05;1967.97;1974.71;1960.4;1.68B;0.16%;1.68;1,680,000,000
22/11/2023;1967.97;1980.01;1986.06;1953.69;1.98B;-0.59%;1.98;1,980,000,000
21/11/2023;1979.58;1982.3;1986.65;1965.07;1.39B;-0.14%;1.39;1,390,000,000
20/11/2023;1982.3;1973.51;1990.71;1972.89;1.46B;0.45%;1.46;1,460,000,000
17/11/2023;1973.51;1976.38;1979.57;1965.8;1.55B;-0.15%;1.55;1,550,000,000
16/11/2023;1976.38;1984.27;1986.73;1955.58;1.80B;-0.40%;1.8;1,800,000,000
15/11/2023;1984.27;1981.07;2004.17;1981.07;2.35B;0.18%;2.35;2,350,000,000
14/11/2023;1980.64;1968.67;1986.73;1968.67;2.01B;0.61%;2.01;2,010,000,000
13/11/2023;1968.67;1958.12;1971.66;1958.12;2.09B;0.54%;2.09;2,090,000,000
10/11/2023;1958.12;1954.76;1973.12;1954.37;2.69B;0.17%;2.69;2,690,000,000
09/11/2023;1954.76;1948.57;1974.19;1948.57;2.39B;0.36%;2.39;2,390,000,000
08/11/2023;1947.7;1976.27;1981.19;1939.73;3.03B;-1.45%;3.03;3,030,000,000
07/11/2023;1976.27;2003.35;2003.35;1968;6.64B;-1.35%;6.64;6,640,000,000
06/11/2023;2003.35;1976.89;2007.66;1974.47;1.77B;1.36%;1.77;1,770,000,000
03/11/2023;1976.45;1946.68;1988.07;1946.68;1.92B;1.55%;1.92;1,920,000,000
02/11/2023;1946.25;1930.33;1964.04;1930.33;2.11B;0.82%;2.11;2,110,000,000
01/11/2023;1930.33;2007.11;2007.7;1930.33;4.30B;-3.87%;4.3;4,300,000,000
31/10/2023;2007.98;2003.6;2009.47;1975.11;2.47B;0.04%;2.47;2,470,000,000
30/10/2023;2007.09;2042.96;2053.02;2007.09;2.39B;-1.76%;2.39;2,390,000,000
27/10/2023;2042.96;2014.2;2048.38;2014.2;1.91B;1.43%;1.91;1,910,000,000
26/10/2023;2014.2;2038.85;2045.79;2003.45;2.00B;-1.21%;2;2,000,000,000
25/10/2023;2038.85;2032.27;2054.77;2027.83;1.51B;0.32%;1.51;1,510,000,000
24/10/2023;2032.27;2021.43;2043.32;2014.19;1.34B;0.54%;1.34;1,340,000,000
23/10/2023;2021.43;2076;2076.75;2019.53;1.99B;-2.63%;1.99;1,990,000,000
20/10/2023;2076;2075.04;2080.57;2048.3;2.25B;0.07%;2.25;2,250,000,000
19/10/2023;2074.61;2096.78;2100.53;2072.45;2.93B;-1.04%;2.93;2,930,000,000
18/10/2023;2096.35;2089.66;2104.72;2078.49;2.88B;0.32%;2.88;2,880,000,000
17/10/2023;2089.66;2072.93;2094.83;2064.1;1.82B;0.81%;1.82;1,820,000,000
16/10/2023;2072.93;2067.65;2091.64;2067.65;2.06B;0.28%;2.06;2,060,000,000
13/10/2023;2067.21;2057.36;2071.47;2055.55;2.65B;0.54%;2.65;2,650,000,000
12/10/2023;2056.05;2074.71;2076.17;2046.19;2.70B;-0.90%;2.7;2,700,000,000
11/10/2023;2074.71;2085.92;2095.4;2074.1;2.26B;-0.48%;2.26;2,260,000,000
10/10/2023;2084.61;2067.29;2091.61;2067.29;2.78B;0.90%;2.78;2,780,000,000
09/10/2023;2065.98;2009.55;2074.16;2009.55;2.46B;2.88%;2.46;2,460,000,000
06/10/2023;2008.24;1994.17;2012.46;1990.55;2.39B;0.71%;2.39;2,390,000,000
05/10/2023;1994.17;2014.57;2024.5;1990.69;2.35B;-1.03%;2.35;2,350,000,000
04/10/2023;2015.01;2067.74;2067.74;2011.21;3.02B;-2.61%;3.02;3,020,000,000
03/10/2023;2069.04;2109.38;2109.38;2069.04;2.54B;-1.91%;2.54;2,540,000,000
02/10/2023;2109.38;2132.1;2132.1;2097.94;2.38B;-1.05%;2.38;2,380,000,000
29/09/2023;2131.67;2142.35;2162.12;2131.67;2.96B;-0.48%;2.96;2,960,000,000
27/09/2023;2141.94;2109.62;2145.66;2109.62;2.18B;1.53%;2.18;2,180,000,000
26/09/2023;2109.62;2170.94;2179.66;2106.34;3.85B;-2.79%;3.85;3,850,000,000
25/09/2023;2170.1;2160.63;2180.9;2160.63;3.25B;0.46%;3.25;3,250,000,000
22/09/2023;2160.21;2145.81;2168.12;2136.93;1.90B;0.63%;1.9;1,900,000,000
21/09/2023;2146.64;2169.24;2169.81;2141.68;1.74B;-1.04%;1.74;1,740,000,000
20/09/2023;2169.24;2170.03;2184.25;2168.62;2.28B;-0.04%;2.28;2,280,000,000
19/09/2023;2170.03;2155.93;2173.55;2142.31;2.18B;0.67%;2.18;2,180,000,000
18/09/2023;2155.51;2153.14;2171.83;2151.78;2.51B;0.11%;2.51;2,510,000,000
15/09/2023;2153.14;2148.04;2167.29;2142.78;9.41B;0.24%;9.41;9,410,000,000
14/09/2023;2148.04;2111.26;2152.4;2111.26;2.49B;1.80%;2.49;2,490,000,000
13/09/2023;2110.01;2092.15;2113.21;2092.15;3.76B;0.89%;3.76;3,760,000,000
12/09/2023;2091.32;2100.81;2110.32;2083.16;2.94B;-0.43%;2.94;2,940,000,000
11/09/2023;2100.39;2113.39;2122.01;2093.32;2.13B;-0.60%;2.13;2,130,000,000
08/09/2023;2112.97;2113.56;2127.62;2106.21;1.92B;-0.05%;1.92;1,920,000,000
07/09/2023;2113.97;2134.59;2140.95;2112.17;2.76B;-1.00%;2.76;2,760,000,000
06/09/2023;2135.43;2086.01;2139.35;2086.01;3.52B;2.41%;3.52;3,520,000,000
05/09/2023;2085.18;2095.58;2106.59;2078.11;4.18B;-0.50%;4.18;4,180,000,000
04/09/2023;2095.58;2066.21;2103.3;2066.21;3.68B;1.42%;3.68;3,680,000,000
01/09/2023;2066.21;2034.88;2068.27;2029.05;2.63B;1.54%;2.63;2,630,000,000
31/08/2023;2034.88;2049.18;2054.92;2029.25;1.77B;-0.72%;1.77;1,770,000,000
30/08/2023;2049.6;2049.9;2060.51;2042.83;2.15B;-0.08%;2.15;2,150,000,000
29/08/2023;2051.15;2054.63;2067.88;2048.15;2.76B;-0.11%;2.76;2,760,000,000
28/08/2023;2053.38;2033.9;2058.33;2033.9;1.71B;1.00%;1.71;1,710,000,000
25/08/2023;2033.07;2050.01;2051.58;2023.82;2.29B;-0.85%;2.29;2,290,000,000
24/08/2023;2050.42;2075.89;2076.9;2048.38;2.60B;-1.27%;2.6;2,600,000,000
23/08/2023;2076.72;2067.06;2097.17;2067.06;3.31B;0.51%;3.31;3,310,000,000
22/08/2023;2066.23;2040.62;2099.72;2037.8;3.47B;1.28%;3.47;3,470,000,000
21/08/2023;2040.21;2001.69;2040.21;2001.69;6.04B;1.95%;6.04;6,040,000,000
18/08/2023;2001.28;1993.89;2007.95;1986.82;2.69B;0.39%;2.69;2,690,000,000
16/08/2023;1993.48;2001.98;2007.84;1988.13;2.92B;-0.40%;2.92;2,920,000,000
15/08/2023;2001.56;1959.8;2005.01;1959.8;3.27B;2.13%;3.27;3,270,000,000
14/08/2023;1959.8;1934.23;1963.89;1931.35;2.49B;1.32%;2.49;2,490,000,000
11/08/2023;1934.23;1941.36;1943.08;1929.2;1.57B;-0.35%;1.57;1,570,000,000
10/08/2023;1940.94;1912.96;1941.63;1912.96;1.60B;1.51%;1.6;1,600,000,000
09/08/2023;1912.13;1922.54;1929.86;1905.83;2.97B;-0.54%;2.97;2,970,000,000
08/08/2023;1922.54;1924.16;1940.82;1920.82;3.86B;-0.06%;3.86;3,860,000,000
07/08/2023;1923.74;1921.42;1930.13;1910.75;2.91B;0.12%;2.91;2,910,000,000
04/08/2023;1921.42;1913.53;1936.46;1913.53;3.20B;0.46%;3.2;3,200,000,000
03/08/2023;1912.69;1900.55;1920.16;1897.74;5.83B;0.64%;5.83;5,830,000,000
02/08/2023;1900.55;1901.55;1907.91;1889.45;4.28B;-0.05%;4.28;4,280,000,000
01/08/2023;1901.55;1924.1;1930.89;1900.64;6.52B;-1.17%;6.52;6,520,000,000
31/07/2023;1924.1;1946.92;1948.87;1914.33;4.06B;-1.19%;4.06;4,060,000,000
28/07/2023;1947.33;1953.64;1955.43;1922.9;3.33B;-0.34%;3.33;3,330,000,000
27/07/2023;1954.06;1973.9;1981.75;1951.18;3.88B;-1.01%;3.88;3,880,000,000
26/07/2023;1973.9;1946.45;1979.06;1946.45;3.64B;1.43%;3.64;3,640,000,000
25/07/2023;1946.03;1950.51;1972.88;1937.36;2.57B;-0.21%;2.57;2,570,000,000
24/07/2023;1950.09;1916.31;1954.31;1916.31;2.41B;1.83%;2.41;2,410,000,000
21/07/2023;1915.06;1896.6;1918.36;1896.6;2.21B;1.00%;2.21;2,210,000,000
20/07/2023;1896.18;1867.88;1896.84;1867.3;2.10B;1.56%;2.1;2,100,000,000
18/07/2023;1867.05;1880;1889.25;1859.49;1.89B;-0.69%;1.89;1,890,000,000
17/07/2023;1880;1864.73;1893.04;1864.73;2.16B;0.86%;2.16;2,160,000,000
14/07/2023;1863.89;1835;1867.39;1835;2.48B;1.57%;2.48;2,480,000,000
13/07/2023;1835;1840.57;1841.86;1818.36;1.99B;-0.33%;1.99;1,990,000,000
12/07/2023;1840.99;1858.47;1861.62;1835.98;1.90B;-0.94%;1.9;1,900,000,000
11/07/2023;1858.47;1837.17;1858.47;1835.81;2.31B;1.14%;2.31;2,310,000,000
10/07/2023;1837.59;1817.55;1842.16;1817.55;1.43B;1.10%;1.43;1,430,000,000
07/07/2023;1817.55;1836.52;1836.88;1811.36;2.07B;-1.06%;2.07;2,070,000,000
06/07/2023;1836.94;1801.71;1843.99;1801.71;2.90B;1.98%;2.9;2,900,000,000
05/07/2023;1801.29;1775.2;1806.12;1775.2;2.35B;1.49%;2.35;2,350,000,000
04/07/2023;1774.79;1766.3;1778.83;1764.31;1.43B;0.50%;1.43;1,430,000,000
03/07/2023;1765.88;1737.55;1765.88;1737.55;1.77B;1.61%;1.77;1,770,000,000
27/06/2023;1737.97;1743.56;1749.19;1735.45;1.89B;-1.55%;1.89;1,890,000,000
26/06/2023;1765.35;1766.15;1771.64;1759.96;1.73B;-1.47%;1.73;1,730,000,000
23/06/2023;1791.65;1804.65;1809.54;1787.84;1.64B;-0.72%;1.64;1,640,000,000
22/06/2023;1804.65;1806.68;1825.75;1803.44;1.67B;-0.11%;1.67;1,670,000,000
21/06/2023;1806.68;1798.05;1811.04;1791.5;1.95B;0.53%;1.95;1,950,000,000
20/06/2023;1797.12;1795.43;1811.89;1785.62;1.49B;0.15%;1.49;1,490,000,000
19/06/2023;1794.5;1799.6;1808.32;1789.81;1.45B;-0.28%;1.45;1,450,000,000
16/06/2023;1799.6;1821.73;1835.77;1799.6;2.08B;-0.28%;2.08;2,080,000,000
15/06/2023;1804.57;1791.61;1808.36;1775.14;3.28B;0.75%;3.28;3,280,000,000
14/06/2023;1791.15;1778.22;1794.94;1773.03;4.81B;0.78%;4.81;4,810,000,000
13/06/2023;1777.3;1783.97;1785.12;1766.29;1.86B;-0.40%;1.86;1,860,000,000
12/06/2023;1784.44;1770.55;1784.44;1754.85;1.27B;0.81%;1.27;1,270,000,000
09/06/2023;1770.09;1762.61;1774.64;1757.2;1.50B;0.48%;1.5;1,500,000,000
08/06/2023;1761.68;1743.37;1761.95;1743.37;1.52B;1.16%;1.52;1,520,000,000
07/06/2023;1741.52;1754.47;1758.11;1728.94;1.51B;-0.79%;1.51;1,510,000,000
06/06/2023;1755.4;1753.88;1784.19;1753.88;2.00B;0.33%;2;2,000,000,000
05/06/2023;1749.7;1710.94;1753.31;1710.94;2.02B;2.35%;2.02;2,020,000,000
31/05/2023;1709.55;1743.8;1746.12;1704.81;2.45B;-2.09%;2.45;2,450,000,000
30/05/2023;1746.11;1738.61;1756.52;1727.51;1.73B;0.43%;1.73;1,730,000,000
29/05/2023;1738.61;1752.08;1760.54;1709.09;2.00B;-0.66%;2;2,000,000,000
26/05/2023;1750.23;1773.5;1788.8;1749.11;1.46B;-1.34%;1.46;1,460,000,000
25/05/2023;1773.97;1806.8;1807.57;1773.97;1.46B;-1.97%;1.46;1,460,000,000
24/05/2023;1809.58;1813.88;1819.66;1804.08;1.41B;-0.24%;1.41;1,410,000,000
23/05/2023;1813.88;1828.79;1834.02;1812.99;1.31B;-0.82%;1.31;1,310,000,000
22/05/2023;1828.79;1811.7;1831.48;1811.7;1.44B;0.99%;1.44;1,440,000,000
19/05/2023;1810.78;1860.2;1862.8;1807.18;1.64B;-2.71%;1.64;1,640,000,000
17/05/2023;1861.12;1883.51;1889;1855.52;1.48B;-1.19%;1.48;1,480,000,000
16/05/2023;1883.51;1907.17;1922.19;1882.59;2.03B;-1.19%;2.03;2,030,000,000
15/05/2023;1906.24;1918.79;1926.41;1889.34;1.37B;-0.65%;1.37;1,370,000,000
12/05/2023;1918.79;1933.02;1935.01;1913.69;1.05B;-0.74%;1.05;1,050,000,000
11/05/2023;1933.02;1972.82;1972.82;1925.98;1.34B;-1.99%;1.34;1,340,000,000
10/05/2023;1972.36;1972.43;1998.66;1968.44;1.17B;0.00%;1.17;1,170,000,000
09/05/2023;1972.43;1976.5;1981.23;1964.76;1.11B;-0.16%;1.11;1,110,000,000
08/05/2023;1975.57;1955.29;1984.91;1944.15;1.50B;1.09%;1.5;1,500,000,000
05/05/2023;1954.36;1986.17;1986.56;1923.18;3.03B;-1.62%;3.03;3,030,000,000
04/05/2023;1986.63;1998.66;2009.84;1983.68;1.43B;-0.79%;1.43;1,430,000,000
03/05/2023;2002.37;2019.28;2028.83;1997.14;1.11B;-1.45%;1.11;1,110,000,000
02/05/2023;2031.8;2081.88;2084.21;2029.5;1.74B;-3.01%;1.74;1,740,000,000
28/04/2023;2094.86;2100.78;2109.01;2083.53;1.11B;-0.28%;1.11;1,110,000,000
27/04/2023;2100.78;2097.25;2114.5;2085.13;957.57M;0.17%;957.57;957,570,000
26/04/2023;2097.25;2066.56;2098.84;2058.9;1.30B;1.49%;1.3;1,300,000,000
18/04/2023;2066.56;2028.53;2069.55;2028.53;1.05B;1.88%;1.05;1,050,000,000
17/04/2023;2028.53;2037.51;2042.94;2023.3;970.98M;-0.44%;970.98;970,980,000
14/04/2023;2037.51;2044.21;2055.44;2036.87;1.06B;-0.33%;1.06;1,060,000,000
13/04/2023;2044.21;2053.2;2066.97;2042.29;1.46B;-0.39%;1.46;1,460,000,000
12/04/2023;2052.28;2086.48;2089.53;2045.96;1.25B;-1.62%;1.25;1,250,000,000
11/04/2023;2086.02;2082.54;2086.63;2068.08;1.11B;0.17%;1.11;1,110,000,000
10/04/2023;2082.54;2110.3;2120.6;2075.11;1.12B;-1.32%;1.12;1,120,000,000
06/04/2023;2110.3;2129.97;2137.3;2107.14;1.44B;-0.94%;1.44;1,440,000,000
05/04/2023;2130.43;2146.81;2147.58;2121.48;1.54B;-0.76%;1.54;1,540,000,000
04/04/2023;2146.81;2110.61;2148.68;2110.26;3.04B;1.83%;3.04;3,040,000,000
03/04/2023;2108.29;2104.1;2134.72;2102.55;2.05B;0.22%;2.05;2,050,000,000
31/03/2023;2103.64;2086.28;2108.63;2072.7;2.44B;0.83%;2.44;2,440,000,000
30/03/2023;2086.28;2112.52;2123.14;2086.28;2.12B;-1.22%;2.12;2,120,000,000
29/03/2023;2112.04;2066.85;2117.74;2066.85;2.69B;2.30%;2.69;2,690,000,000
28/03/2023;2064.48;2016.21;2066.79;2016.21;2.29B;2.49%;2.29;2,290,000,000
27/03/2023;2014.31;1996.01;2021.77;1995.79;2.14B;0.97%;2.14;2,140,000,000
24/03/2023;1995.06;1983.99;2007.75;1983.99;2.05B;0.61%;2.05;2,050,000,000
21/03/2023;1983.04;1975.36;1994.92;1975.36;1.83B;0.34%;1.83;1,830,000,000
20/03/2023;1976.31;2010.6;2010.6;1971.09;1.05B;-1.87%;1.05;1,050,000,000
17/03/2023;2013.92;1947.34;2013.92;1947.34;1.87B;3.44%;1.87;1,870,000,000
16/03/2023;1946.87;2002.95;2002.95;1940.12;2.40B;-2.85%;2.4;2,400,000,000
15/03/2023;2003.9;2014.18;2034.48;1999.05;1.39B;-0.46%;1.39;1,390,000,000
14/03/2023;2013.23;2073.78;2075.6;2009.52;1.95B;-2.94%;1.95;1,950,000,000
13/03/2023;2074.25;2050.29;2079.08;2041.22;1.32B;1.17%;1.32;1,320,000,000
10/03/2023;2050.29;2060.85;2060.85;2041.41;2.48B;-0.51%;2.48;2,480,000,000
09/03/2023;2060.85;2046.37;2062.61;2045.8;1.55B;0.71%;1.55;1,550,000,000
08/03/2023;2046.37;2050.95;2051.73;2029.21;1.74B;-0.32%;1.74;1,740,000,000
07/03/2023;2052.85;2087.13;2087.52;2048.09;1.92B;-1.73%;1.92;1,920,000,000
06/03/2023;2089.03;2107.48;2114.28;2068.82;2.43B;-0.90%;2.43;2,430,000,000
03/03/2023;2107.96;2115.24;2132.17;2103.33;1.75B;-0.32%;1.75;1,750,000,000
02/03/2023;2114.76;2093.55;2116.02;2087.53;1.65B;1.01%;1.65;1,650,000,000
01/03/2023;2093.55;2101.21;2106.26;2084.75;1.57B;-0.36%;1.57;1,570,000,000
28/02/2023;2101.21;2071.04;2104.63;2070.04;2.35B;1.46%;2.35;2,350,000,000
27/02/2023;2071.04;2074.9;2090.06;2067.65;1.71B;-0.07%;1.71;1,710,000,000
24/02/2023;2072.51;2059.38;2080.2;2059.38;2.18B;0.73%;2.18;2,180,000,000
23/02/2023;2057.47;2048.41;2072.03;2046.61;1.94B;0.49%;1.94;1,940,000,000
22/02/2023;2047.45;2053.44;2073.41;2044.21;2.02B;-0.22%;2.02;2,020,000,000
21/02/2023;2052.01;2070.48;2081.44;2052.01;2.23B;-0.87%;2.23;2,230,000,000
20/02/2023;2070.01;2082.24;2084.74;2057.34;2.20B;-0.59%;2.2;2,200,000,000
17/02/2023;2082.24;2097.19;2101.93;2076.07;2.20B;-0.76%;2.2;2,200,000,000
16/02/2023;2098.15;2110.09;2125.19;2092.25;2.00B;-0.54%;2;2,000,000,000
15/02/2023;2109.61;2111.75;2141.22;2104.33;2.86B;-0.10%;2.86;2,860,000,000
14/02/2023;2111.75;2086.35;2118.63;2086.35;2.99B;1.22%;2.99;2,990,000,000
13/02/2023;2086.35;2076.6;2110.17;2076.6;1.80B;0.54%;1.8;1,800,000,000
10/02/2023;2075.17;2099.81;2099.81;2062.27;2.57B;-1.29%;2.57;2,570,000,000
09/02/2023;2102.2;2129.53;2129.53;2102.2;2.03B;-1.37%;2.03;2,030,000,000
08/02/2023;2131.44;2140.09;2165.9;2126.78;1.87B;-0.34%;1.87;1,870,000,000
07/02/2023;2138.66;2079.65;2142.66;2079.65;2.53B;3.03%;2.53;2,530,000,000
06/02/2023;2075.83;2093.84;2100.82;2062.35;2.90B;-0.86%;2.9;2,900,000,000
03/02/2023;2093.84;2163.12;2163.93;2082.66;3.26B;-3.27%;3.26;3,260,000,000
02/02/2023;2164.55;2162.61;2174.67;2156.16;2.10B;0.11%;2.1;2,100,000,000
01/02/2023;2162.13;2171.3;2185.45;2162.13;2.86B;-0.42%;2.86;2,860,000,000
31/01/2023;2171.3;2152.85;2171.91;2140.97;2.88B;0.79%;2.88;2,880,000,000
30/01/2023;2154.29;2172.08;2191.88;2150.18;1.81B;-0.82%;1.81;1,810,000,000
27/01/2023;2172.08;2166.1;2188.54;2162.35;2.00B;0.36%;2;2,000,000,000
26/01/2023;2164.19;2204.07;2207.11;2162.61;2.69B;-1.89%;2.69;2,690,000,000
25/01/2023;2205.98;2225.44;2227;2193.53;2.08B;-0.87%;2.08;2,080,000,000
24/01/2023;2225.44;2232.71;2240.77;2208.96;3.49B;-0.35%;3.49;3,490,000,000
20/01/2023;2233.19;2180.5;2241.85;2176.95;3.41B;2.44%;3.41;3,410,000,000
19/01/2023;2180.02;2151.1;2180.02;2140.96;1.68B;1.34%;1.68;1,680,000,000
18/01/2023;2151.1;2141.68;2170.44;2141.67;2.17B;0.46%;2.17;2,170,000,000
17/01/2023;2141.2;2130.22;2154.92;2124.54;3.05B;0.49%;3.05;3,050,000,000
16/01/2023;2130.7;2124.75;2132.88;2116.69;1.84B;0.26%;1.84;1,840,000,000
13/01/2023;2125.22;2089.81;2125.22;2089.81;2.10B;1.69%;2.1;2,100,000,000
12/01/2023;2089.81;2109.68;2111.43;2083.79;2.34B;-1.03%;2.34;2,340,000,000
11/01/2023;2111.59;2107.5;2122.54;2073.25;2.82B;0.24%;2.82;2,820,000,000
10/01/2023;2106.55;2073.74;2108.61;2052.7;3.09B;1.58%;3.09;3,090,000,000
09/01/2023;2073.74;2119.86;2138.54;2061.6;2.59B;-2.18%;2.59;2,590,000,000
06/01/2023;2119.86;2090.04;2135.86;2075.54;1.61B;1.40%;1.61;1,610,000,000
05/01/2023;2090.52;2211.6;2211.6;2086.94;4.27B;-5.48%;4.27;4,270,000,000
04/01/2023;2211.6;2284.8;2292.81;2211.6;3.24B;-3.20%;3.24;3,240,000,000
03/01/2023;2284.8;2275.7;2289.89;2274.31;1.93B;0.40%;1.93;1,930,000,000
02/01/2023;2275.7;2279.55;2282.83;2263.31;1.06B;-0.17%;1.06;1,060,000,000
30/12/2022;2279.55;2283.53;2304.16;2256.91;1.30B;-0.17%;1.3;1,300,000,000
29/12/2022;2283.53;2314.05;2333.72;2261.94;1.60B;-1.32%;1.6;1,600,000,000
28/12/2022;2314.05;2362.38;2406.81;2303.96;1.17B;-2.05%;1.17;1,170,000,000
27/12/2022;2362.38;2299.17;2402.34;2299.1;961.96M;2.73%;961.96;961,960,000
26/12/2022;2299.56;2256.74;2330.96;2256.37;1.34B;1.90%;1.34;1,340,000,000
23/12/2022;2256.74;2254.59;2267.83;2228.86;1.22B;0.08%;1.22;1,220,000,000
22/12/2022;2254.98;2251.7;2266;2232.15;1.35B;0.15%;1.35;1,350,000,000
21/12/2022;2251.7;2186.24;2254.21;2186.06;1.76B;3.03%;1.76;1,760,000,000
20/12/2022;2185.46;2150.9;2210.5;2125.92;2.44B;1.59%;2.44;2,440,000,000
19/12/2022;2151.29;2159.47;2167.9;2140.01;2.16B;-0.38%;2.16;2,160,000,000
16/12/2022;2159.47;2139.76;2159.47;2122.94;2.97B;0.88%;2.97;2,970,000,000
15/12/2022;2140.54;2147.13;2150.5;2132.09;2.70B;-0.32%;2.7;2,700,000,000
14/12/2022;2147.52;2128.63;2165.89;2128.63;2.82B;0.96%;2.82;2,820,000,000
13/12/2022;2127.07;2125.64;2153.02;2115.23;2.63B;0.07%;2.63;2,630,000,000
12/12/2022;2125.64;2114.33;2125.64;2078.69;3.16B;0.54%;3.16;3,160,000,000
09/12/2022;2114.33;2169.5;2174.37;2113.31;3.28B;-2.58%;3.28;3,280,000,000
08/12/2022;2170.29;2186.66;2190.04;2117.27;4.38B;-0.73%;4.38;4,380,000,000
07/12/2022;2186.27;2174.69;2204.71;2160.34;3.38B;0.55%;3.38;3,380,000,000
06/12/2022;2174.3;2163.89;2233.6;2162.59;3.74B;0.54%;3.74;3,740,000,000
05/12/2022;2162.72;2136.08;2205.51;2136.08;5.10B;1.30%;5.1;5,100,000,000
02/12/2022;2134.91;2102.68;2137.6;2090.05;2.96B;1.51%;2.96;2,960,000,000
01/12/2022;2103.07;2079.53;2115.79;2079.53;3.47B;1.17%;3.47;3,470,000,000
30/11/2022;2078.75;2073.14;2084.18;2072.26;7.17B;0.33%;7.17;7,170,000,000
29/11/2022;2071.96;2039.52;2071.96;2039.52;3.72B;1.69%;3.72;3,720,000,000
28/11/2022;2037.57;2045.31;2052.06;2021.67;5.32B;-0.38%;5.32;5,320,000,000
25/11/2022;2045.31;2072.36;2073.47;2033.33;3.89B;-1.31%;3.89;3,890,000,000
24/11/2022;2072.36;2087.01;2103.98;2063.9;4.91B;-0.70%;4.91;4,910,000,000
23/11/2022;2087.01;2062.22;2093.95;2062.22;5.09B;1.20%;5.09;5,090,000,000
22/11/2022;2062.22;2031.07;2072.34;2031.07;5.09B;1.53%;5.09;5,090,000,000
21/11/2022;2031.07;1992.79;2037.86;1992.48;4.57B;1.92%;4.57;4,570,000,000
18/11/2022;1992.79;1979.96;2001.9;1974.9;4.53B;0.65%;4.53;4,530,000,000
17/11/2022;1979.96;1970.44;1984.15;1945.12;3.40B;0.48%;3.4;3,400,000,000
16/11/2022;1970.44;1973.75;1991.44;1960.88;3.96B;-0.09%;3.96;3,960,000,000
15/11/2022;1972.19;1962.71;1975;1957.87;5.25B;0.54%;5.25;5,250,000,000
14/11/2022;1961.54;1980.96;1996.49;1959.44;4.34B;-0.96%;4.34;4,340,000,000
11/11/2022;1980.57;1975.43;1982.63;1949.84;6.34B;0.26%;6.34;6,340,000,000
10/11/2022;1975.43;2010.75;2010.75;1959.64;5.56B;-1.97%;5.56;5,560,000,000
09/11/2022;2015.05;2038.39;2042.57;2015.05;4.91B;-1.16%;4.91;4,910,000,000
08/11/2022;2038.79;2045.61;2053.49;2031.16;5.74B;-0.39%;5.74;5,740,000,000
07/11/2022;2046.79;2028.54;2055.42;2025.18;6.91B;0.92%;6.91;6,910,000,000
04/11/2022;2028.15;2034.52;2034.86;2001.61;6.43B;-0.29%;6.43;6,430,000,000
03/11/2022;2034.12;2013.58;2045.61;2013.58;5.18B;1.04%;5.18;5,180,000,000
02/11/2022;2013.19;2008.11;2032.53;2005.96;5.42B;0.25%;5.42;5,420,000,000
01/11/2022;2008.11;2068.33;2068.33;2004.76;6.71B;-2.97%;6.71;6,710,000,000
31/10/2022;2069.5;2026.37;2069.5;2026.37;6.56B;2.17%;6.56;6,560,000,000
28/10/2022;2025.59;2045.03;2052.24;2020.5;6.51B;-0.91%;6.51;6,510,000,000
27/10/2022;2044.25;2038.06;2064.78;2035.19;5.16B;0.38%;5.16;5,160,000,000
26/10/2022;2036.49;2009.79;2038.53;1995.87;5.42B;1.25%;5.42;5,420,000,000
25/10/2022;2011.36;2034.23;2042.47;2003.77;7.40B;-1.12%;7.4;7,400,000,000
24/10/2022;2034.23;2017.42;2041.71;2012.01;6.01B;0.85%;6.01;6,010,000,000
21/10/2022;2017.02;2015.05;2028.08;2008.67;5.86B;0.16%;5.86;5,860,000,000
20/10/2022;2013.86;1959.12;2020.24;1959.12;8.61B;2.84%;8.61;8,610,000,000
19/10/2022;1958.33;1963.38;1975.58;1952.69;4.77B;-0.74%;4.77;4,770,000,000
18/10/2022;1972.86;1987.8;2002;1965.95;6.87B;-0.69%;6.87;6,870,000,000
17/10/2022;1986.61;1984.65;1986.63;1944.17;8.89B;0.10%;8.89;8,890,000,000
14/10/2022;1984.65;2007.59;2022.14;1980.11;6.04B;-1.08%;6.04;6,040,000,000
13/10/2022;2006.41;2003.72;2027.02;1997.48;6.62B;0.23%;6.62;6,620,000,000
12/10/2022;2001.75;1982.44;2031.32;1970.3;9.33B;0.99%;9.33;9,330,000,000
11/10/2022;1982.05;1997.93;2017.83;1980.67;12.76B;-0.78%;12.76;12,760,000,000
10/10/2022;1997.53;2034.11;2040.64;1990.63;11.17B;-1.91%;11.17;11,170,000,000
07/10/2022;2036.48;2006.87;2037.28;2006.84;10.30B;1.48%;10.3;10,300,000,000
06/10/2022;2006.87;2009.06;2042.3;2006.87;5.96B;-0.13%;5.96;5,960,000,000
05/10/2022;2009.46;1995.03;2029.59;1995.03;9.47B;0.74%;9.47;9,470,000,000
04/10/2022;1994.63;1935.86;1994.63;1935.86;8.46B;3.18%;8.46;8,460,000,000
03/10/2022;1933.09;1919.51;1936.88;1908.94;6.31B;0.67%;6.31;6,310,000,000
30/09/2022;1920.3;1907.14;1921.52;1878.28;6.16B;0.65%;6.16;6,160,000,000
29/09/2022;1907.88;1905.51;1939.32;1902.52;7.57B;0.14%;7.57;7,570,000,000
28/09/2022;1905.14;1937.56;1938.2;1905.14;6.45B;-1.73%;6.45;6,450,000,000
27/09/2022;1938.67;1912.36;1945.24;1904.99;10.06B;1.38%;10.06;10,060,000,000
26/09/2022;1912.36;1988.34;1988.34;1904.73;6.27B;-3.98%;6.27;6,270,000,000
23/09/2022;1991.67;2019.41;2020.27;1991.67;7.94B;-1.41%;7.94;7,940,000,000
22/09/2022;2020.15;1976.56;2020.64;1956.25;12.56B;2.21%;12.56;12,560,000,000
21/09/2022;1976.56;1986.92;1990.14;1953.41;10.62B;-0.52%;10.62;10,620,000,000
20/09/2022;1986.92;1997.87;2017.01;1966.74;13.44B;-0.53%;13.44;13,440,000,000
19/09/2022;1997.5;2034.77;2042.99;1976.83;11.35B;-1.83%;11.35;11,350,000,000
16/09/2022;2034.77;2079.26;2082.38;2019.63;13.59B;-2.14%;13.59;13,590,000,000
15/09/2022;2079.26;2082.04;2117.82;2079.26;8.28B;-0.08%;8.28;8,280,000,000
14/09/2022;2080.93;2063.78;2082.3;2034.18;9.50B;0.83%;9.5;9,500,000,000
13/09/2022;2063.78;2047.77;2067.57;2043.53;10.48B;0.82%;10.48;10,480,000,000
12/09/2022;2047.03;2011.84;2048.3;2007.44;10.89B;1.81%;10.89;10,890,000,000
09/09/2022;2010.73;2016.74;2021.32;1989.3;11.42B;-0.30%;11.42;11,420,000,000
08/09/2022;2016.74;2042.59;2042.59;2003.58;11.06B;-1.32%;11.06;11,060,000,000
07/09/2022;2043.7;2071.54;2079.97;2025.16;12.91B;-1.36%;12.91;12,910,000,000
06/09/2022;2071.92;2015.13;2081.59;2015.13;14.66B;2.91%;14.66;14,660,000,000
05/09/2022;2013.28;1939.39;2015.85;1937.83;13.69B;3.83%;13.69;13,690,000,000
02/09/2022;1939.02;1917.36;1956.49;1917.36;14.95B;1.21%;14.95;14,950,000,000
01/09/2022;1915.88;1899.49;1928.75;1896.12;10.73B;0.86%;10.73;10,730,000,000
31/08/2022;1899.49;1897.24;1899.49;1868.6;9.91B;0.08%;9.91;9,910,000,000
30/08/2022;1897.98;1918.47;1947.98;1897.45;14.66B;-1.03%;14.66;14,660,000,000
29/08/2022;1917.72;1902.23;1925.33;1870.71;10.51B;0.70%;10.51;10,510,000,000
26/08/2022;1904.45;1891.28;1918.03;1889.67;11.75B;0.78%;11.75;11,750,000,000
25/08/2022;1889.8;1859.83;1904.7;1859.83;13.97B;1.61%;13.97;13,970,000,000
24/08/2022;1859.83;1843.91;1863.35;1831.92;7.52B;0.84%;7.52;7,520,000,000
23/08/2022;1844.28;1785.3;1844.28;1785.3;8.90B;3.30%;8.9;8,900,000,000
22/08/2022;1785.3;1824.81;1833.12;1782.04;4.65B;-2.18%;4.65;4,650,000,000
19/08/2022;1825.18;1816.85;1845.14;1816.85;9.22B;0.54%;9.22;9,220,000,000
18/08/2022;1815.37;1795.48;1829.73;1795.48;8.02B;1.21%;8.02;8,020,000,000
16/08/2022;1793.62;1806.22;1814.74;1785.09;6.02B;-0.70%;6.02;6,020,000,000
15/08/2022;1806.22;1816.88;1830.86;1801.81;6.38B;-0.59%;6.38;6,380,000,000
12/08/2022;1816.88;1823.35;1859.56;1815.92;10.32B;-0.35%;10.32;10,320,000,000
11/08/2022;1823.35;1807.36;1832.73;1807.36;8.55B;1.05%;8.55;8,550,000,000
10/08/2022;1804.4;1813.8;1834.28;1803.53;8.56B;-0.46%;8.56;8,560,000,000
09/08/2022;1812.69;1770.15;1815.61;1770.15;12.46B;2.47%;12.46;12,460,000,000
08/08/2022;1769.03;1767.16;1776.29;1754.28;5.82B;0.06%;5.82;5,820,000,000
05/08/2022;1767.91;1765.18;1774.83;1752.29;4.54B;0.09%;4.54;4,540,000,000
04/08/2022;1766.29;1812.83;1813.7;1764.72;9.00B;-2.57%;9;9,000,000,000
03/08/2022;1812.83;1816.1;1823.45;1803.13;5.45B;-0.16%;5.45;5,450,000,000
02/08/2022;1815.73;1866.79;1869.89;1810.09;5.30B;-2.74%;5.3;5,300,000,000
01/08/2022;1866.79;1857.72;1875.82;1853.51;7.13B;0.49%;7.13;7,130,000,000
29/07/2022;1857.72;1838.96;1866.59;1838.96;10.92B;1.02%;10.92;10,920,000,000
28/07/2022;1838.96;1805.33;1843.14;1795.97;8.16B;1.90%;8.16;8,160,000,000
27/07/2022;1804.59;1762.84;1811.56;1762.84;11.48B;2.41%;11.48;11,480,000,000
26/07/2022;1762.1;1742.21;1770.17;1742.21;13.48B;1.21%;13.48;13,480,000,000
25/07/2022;1741.1;1725.83;1746.61;1725.83;7.62B;0.95%;7.62;7,620,000,000
22/07/2022;1724.72;1694.83;1734.71;1694.83;7.13B;1.79%;7.13;7,130,000,000
21/07/2022;1694.46;1695.58;1705.19;1685.75;3.76B;-0.04%;3.76;3,760,000,000
20/07/2022;1695.21;1672.6;1703.13;1672.6;4.88B;1.44%;4.88;4,880,000,000
19/07/2022;1671.12;1614.82;1673.32;1613.49;5.25B;3.46%;5.25;5,250,000,000
18/07/2022;1615.19;1625.64;1633.52;1602.41;2.62B;-0.69%;2.62;2,620,000,000
15/07/2022;1626.38;1673.39;1673.39;1624.84;3.73B;-2.87%;3.73;3,730,000,000
14/07/2022;1674.5;1660.01;1676.65;1646.58;2.85B;0.85%;2.85;2,850,000,000
13/07/2022;1660.38;1678.72;1687.67;1655.46;5.30B;-1.05%;5.3;5,300,000,000
12/07/2022;1677.98;1654.49;1686.07;1654.49;6.93B;1.53%;6.93;6,930,000,000
11/07/2022;1652.63;1649.1;1667.09;1640.16;4.81B;0.24%;4.81;4,810,000,000
08/07/2022;1648.73;1635.68;1663.9;1635.68;4.23B;1.05%;4.23;4,230,000,000
07/07/2022;1631.61;1634.12;1646.35;1619.85;5.33B;-0.15%;5.33;5,330,000,000
06/07/2022;1634.12;1665.63;1665.63;1622.98;3.17B;-2.00%;3.17;3,170,000,000
05/07/2022;1667.48;1604.73;1676.75;1604.73;6.59B;4.08%;6.59;6,590,000,000
04/07/2022;1602.14;1609.52;1626.65;1562.13;4.28B;-0.46%;4.28;4,280,000,000
01/07/2022;1609.52;1638.18;1660.65;1608.8;3.85B;-1.75%;3.85;3,850,000,000
30/06/2022;1638.18;1652.11;1674.23;1625.66;3.49B;-1.08%;3.49;3,490,000,000
29/06/2022;1656.06;1665.98;1686.36;1656.06;4.76B;-0.62%;4.76;4,760,000,000
28/06/2022;1666.37;1647.62;1676.1;1646.78;5.31B;1.19%;5.31;5,310,000,000
27/06/2022;1646.83;1669.4;1675.22;1638.82;4.81B;-1.35%;4.81;4,810,000,000
24/06/2022;1669.4;1656.01;1674.97;1656.01;3.50B;0.86%;3.5;3,500,000,000
23/06/2022;1655.22;1682.77;1684.74;1638.8;7.15B;-1.57%;7.15;7,150,000,000
22/06/2022;1681.59;1691.63;1712.35;1679.61;7.71B;-0.55%;7.71;7,710,000,000
21/06/2022;1690.84;1660.87;1701.88;1660.87;7.52B;1.97%;7.52;7,520,000,000
20/06/2022;1658.1;1673.44;1679.88;1637.51;9.00B;-0.89%;9;9,000,000,000
17/06/2022;1673.04;1685.52;1685.98;1651.46;8.44B;-1.04%;8.44;8,440,000,000
16/06/2022;1690.7;1669.36;1717.27;1667.41;7.89B;2.25%;7.89;7,890,000,000
15/06/2022;1653.55;1711.69;1714.52;1653.55;7.09B;-3.52%;7.09;7,090,000,000
14/06/2022;1713.88;1698.5;1713.88;1680.4;3.98B;0.62%;3.98;3,980,000,000
13/06/2022;1703.37;1734.78;1734.78;1688.72;4.09B;-3.05%;4.09;4,090,000,000
10/06/2022;1756.93;1766.23;1783.4;1749.62;3.74B;-0.91%;3.74;3,740,000,000
09/06/2022;1773.11;1759.56;1803.12;1754.31;5.40B;0.84%;5.4;5,400,000,000
08/06/2022;1758.43;1766.75;1776.91;1752.25;4.84B;-1.10%;4.84;4,840,000,000
07/06/2022;1777.99;1744.95;1784.81;1744.95;5.70B;1.53%;5.7;5,700,000,000
06/06/2022;1751.13;1748.37;1761.87;1740.17;3.39B;-0.47%;3.39;3,390,000,000
03/06/2022;1759.4;1738.56;1777.25;1733.6;4.84B;1.41%;4.84;4,840,000,000
02/06/2022;1734.88;1748.6;1763.62;1726.09;4.19B;-0.90%;4.19;4,190,000,000
31/05/2022;1750.72;1715.37;1765.52;1715.37;6.16B;2.55%;6.16;6,160,000,000
30/05/2022;1707.19;1711.31;1717.49;1696.51;4.10B;0.08%;4.1;4,100,000,000
27/05/2022;1705.8;1689.59;1723.81;1682.26;5.23B;1.44%;5.23;5,230,000,000
25/05/2022;1681.64;1684.45;1692.61;1672.35;4.23B;-0.11%;4.23;4,230,000,000
24/05/2022;1683.5;1649.44;1688.07;1642.47;3.56B;2.23%;3.56;3,560,000,000
23/05/2022;1646.78;1658.76;1670.33;1631.3;3.15B;-0.29%;3.15;3,150,000,000
20/05/2022;1651.6;1611.75;1651.65;1610.43;3.84B;2.86%;3.84;3,840,000,000
19/05/2022;1605.67;1619.66;1619.66;1588.06;3.46B;-1.63%;3.46;3,460,000,000
18/05/2022;1632.26;1646.85;1658.33;1621.64;3.24B;-0.69%;3.24;3,240,000,000
17/05/2022;1643.64;1595.01;1646.95;1593.95;3.87B;3.34%;3.87;3,870,000,000
13/05/2022;1590.54;1568.41;1595.32;1552.53;4.08B;2.10%;4.08;4,080,000,000
12/05/2022;1557.81;1607.03;1614.36;1552.81;5.08B;-3.00%;5.08;5,080,000,000
11/05/2022;1605.96;1595.38;1623.44;1595.38;;1.05%;;
10/05/2022;1589.28;1607.52;1608.23;1554.83;4.90B;-2.06%;4.9;4,900,000,000
09/05/2022;1622.64;1627.23;1636.39;1584.6;7.67B;0.23%;7.67;7,670,000,000
28/04/2022;1618.91;1573.69;1618.91;1573.68;4.53B;3.29%;4.53;4,530,000,000
27/04/2022;1567.4;1529.55;1568.63;1526.63;4.17B;2.41%;4.17;4,170,000,000
26/04/2022;1530.57;1529.14;1541.19;1512.32;4.49B;0.15%;4.49;4,490,000,000
25/04/2022;1528.22;1540.61;1540.61;1508.62;4.53B;-1.29%;4.53;4,530,000,000
22/04/2022;1548.15;1579.61;1579.74;1540.85;5.11B;-2.11%;5.11;5,110,000,000
21/04/2022;1581.52;1598.54;1627.6;1578.16;3.48B;-0.86%;3.48;3,480,000,000
20/04/2022;1595.3;1620.94;1637.04;1582.74;4.12B;-1.25%;4.12;4,120,000,000
19/04/2022;1615.47;1621.53;1630.94;1613.43;5.77B;-0.26%;5.77;5,770,000,000
18/04/2022;1619.71;1616.88;1630.76;1613.76;4.83B;0.19%;4.83;4,830,000,000
14/04/2022;1616.56;1614.84;1627.93;1607.79;4.69B;0.24%;4.69;4,690,000,000
13/04/2022;1612.77;1569.02;1614.27;1569.02;7.42B;3.46%;7.42;7,420,000,000
12/04/2022;1558.8;1577.65;1579.52;1551.96;6.64B;-1.25%;6.64;6,640,000,000
11/04/2022;1578.59;1610.63;1631.94;1577.5;8.54B;-1.95%;8.54;8,540,000,000
08/04/2022;1609.96;1554.14;1609.96;1552.93;6.81B;3.67%;6.81;6,810,000,000
07/04/2022;1553.02;1554.96;1561.95;1538.69;6.77B;-0.10%;6.77;6,770,000,000
06/04/2022;1554.5;1534.51;1557.78;1533.85;7.86B;1.53%;7.86;7,860,000,000
05/04/2022;1531.04;1506.83;1536.8;1506.83;5.43B;1.62%;5.43;5,430,000,000
04/04/2022;1506.67;1486.84;1509.46;1485.02;4.63B;0.95%;4.63;4,630,000,000
01/04/2022;1492.49;1482.03;1499.34;1481.84;3.80B;0.75%;3.8;3,800,000,000
31/03/2022;1481.34;1446.31;1484.19;1445.61;4.31B;2.56%;4.31;4,310,000,000
30/03/2022;1444.39;1455.59;1466.56;1440.68;4.41B;-0.68%;4.41;4,410,000,000
29/03/2022;1454.34;1479.15;1480.41;1454.34;4.75B;-1.56%;4.75;4,750,000,000
28/03/2022;1477.45;1453.38;1477.75;1453.15;4.45B;1.72%;4.45;4,450,000,000
25/03/2022;1452.5;1460.84;1462.23;1448.71;4.42B;-0.41%;4.42;4,420,000,000
24/03/2022;1458.51;1455.64;1467.65;1449.28;6.28B;0.69%;6.28;6,280,000,000
23/03/2022;1448.49;1430.44;1451.97;1430.44;6.03B;1.67%;6.03;6,030,000,000
22/03/2022;1424.76;1403.12;1424.91;1403.12;6.12B;1.68%;6.12;6,120,000,000
21/03/2022;1401.2;1405.5;1413.3;1392.82;5.63B;0.01%;5.63;5,630,000,000
18/03/2022;1401.11;1388.3;1415.98;1388.3;4.39B;1.25%;4.39;4,390,000,000
17/03/2022;1383.88;1386.75;1391.03;1368.51;5.02B;-0.18%;5.02;5,020,000,000
16/03/2022;1386.34;1359.38;1390.18;1359.38;3.83B;2.10%;3.83;3,830,000,000
15/03/2022;1357.83;1359.77;1375.45;1349.28;4.58B;-0.89%;4.58;4,580,000,000
14/03/2022;1370.01;1403.94;1414.15;1359.96;4.14B;-2.38%;4.14;4,140,000,000
11/03/2022;1403.34;1403.13;1434.31;1396.02;4.25B;-0.84%;4.25;4,250,000,000
10/03/2022;1415.21;1431.78;1431.78;1390.08;5.00B;-2.19%;5;5,000,000,000
09/03/2022;1446.93;1443.27;1451.72;1423.01;4.78B;0.03%;4.78;4,780,000,000
08/03/2022;1446.56;1498.22;1499.68;1444.72;6.65B;-3.41%;6.65;6,650,000,000
07/03/2022;1497.62;1489.09;1519.52;1484.92;8.89B;1.68%;8.89;8,890,000,000
04/03/2022;1472.86;1391.82;1474.1;1391.82;10.39B;6.88%;10.39;10,390,000,000
02/03/2022;1378.11;1357.35;1379.45;1345.73;19.25B;2.76%;19.25;19,250,000,000
01/03/2022;1341.15;1336.9;1371.58;1336.43;6.13B;1.27%;6.13;6,130,000,000
25/02/2022;1324.38;1335.71;1349.48;1323.8;5.36B;-0.48%;5.36;5,360,000,000
24/02/2022;1330.79;1306.06;1332.67;1283.78;6.84B;2.23%;6.84;6,840,000,000
23/02/2022;1301.81;1293.92;1309.26;1289.04;3.09B;1.19%;3.09;3,090,000,000
22/02/2022;1286.48;1288.3;1292.59;1273.44;3.00B;0.00%;3;3,000,000,000
21/02/2022;1286.48;1297.4;1299.55;1283.44;2.37B;-0.66%;2.37;2,370,000,000
18/02/2022;1295.09;1286.71;1300.39;1283.91;2.91B;0.44%;2.91;2,910,000,000
17/02/2022;1289.38;1301.84;1303.08;1282.9;4.56B;-0.96%;4.56;4,560,000,000
16/02/2022;1301.88;1305.29;1308.82;1300.87;3.50B;-0.16%;3.5;3,500,000,000
15/02/2022;1303.92;1299.59;1306.84;1297.49;4.26B;0.49%;4.26;4,260,000,000
14/02/2022;1297.61;1278.73;1301.38;1277.05;3.34B;1.48%;3.34;3,340,000,000
11/02/2022;1278.71;1270.79;1284.36;1263.72;4.78B;0.58%;4.78;4,780,000,000
10/02/2022;1271.34;1289.51;1292.14;1270.31;3.26B;-1.43%;3.26;3,260,000,000
09/02/2022;1289.77;1288.3;1301.79;1284.54;3.98B;0.28%;3.98;3,980,000,000
08/02/2022;1286.15;1291.23;1293.99;1279.44;3.27B;-0.24%;3.27;3,270,000,000
07/02/2022;1289.27;1284.02;1299.22;1283.61;3.36B;0.62%;3.36;3,360,000,000
04/02/2022;1281.3;1278.36;1285.79;1273.84;4.52B;0.20%;4.52;4,520,000,000
03/02/2022;1278.71;1277.08;1283.21;1258.06;4.54B;0.16%;4.54;4,540,000,000
02/02/2022;1276.69;1296.6;1305.42;1275.37;3.26B;-1.41%;3.26;3,260,000,000
31/01/2022;1294.89;1294.85;1306.18;1283.22;3.17B;0.19%;3.17;3,170,000,000
28/01/2022;1292.43;1278.65;1296.75;1268.12;3.84B;1.11%;3.84;3,840,000,000
27/01/2022;1278.21;1260.09;1283.26;1259.95;4.70B;1.36%;4.7;4,700,000,000
26/01/2022;1261.12;1251.35;1261.19;1248.06;3.23B;0.84%;3.23;3,230,000,000
25/01/2022;1250.59;1272.69;1273.71;1242.44;4.43B;-1.84%;4.43;4,430,000,000
24/01/2022;1274;1264.47;1276.33;1260.2;4.15B;0.68%;4.15;4,150,000,000
21/01/2022;1265.39;1240.16;1265.39;1235.04;3.50B;1.92%;3.5;3,500,000,000
20/01/2022;1241.53;1213.75;1250.3;1213.75;4.18B;2.39%;4.18;4,180,000,000
19/01/2022;1212.6;1195.38;1223.72;1189.69;3.20B;1.39%;3.2;3,200,000,000
18/01/2022;1196.02;1211.74;1222.05;1186.11;3.77B;-1.04%;3.77;3,770,000,000
17/01/2022;1208.62;1206.46;1227.89;1197.86;3.98B;0.49%;3.98;3,980,000,000
14/01/2022;1202.72;1193.33;1205.86;1189.3;3.02B;0.98%;3.02;3,020,000,000
13/01/2022;1191.09;1189.51;1199.14;1178.59;2.77B;0.42%;2.77;2,770,000,000
12/01/2022;1186.15;1175.86;1204.31;1175.86;2.99B;1.04%;2.99;2,990,000,000
11/01/2022;1173.99;1175.7;1189.5;1169.11;3.90B;0.31%;3.9;3,900,000,000
10/01/2022;1170.38;1174.19;1182.96;1167.15;2.42B;-0.21%;2.42;2,420,000,000
07/01/2022;1172.83;1152.89;1177.24;1152.61;2.92B;2.01%;2.92;2,920,000,000
06/01/2022;1149.72;1150.21;1160.18;1139.45;2.72B;-0.17%;2.72;2,720,000,000
05/01/2022;1151.73;1158.22;1170.1;1151.04;2.63B;-0.24%;2.63;2,630,000,000
04/01/2022;1154.56;1152.17;1162.85;1144.07;2.59B;0.21%;2.59;2,590,000,000
03/01/2022;1152.1;1130.25;1155.13;1127.8;2.36B;1.11%;2.36;2,360,000,000
30/12/2021;1139.5;1146.09;1151.61;1135.53;3.09B;-1.46%;3.09;3,090,000,000
29/12/2021;1156.35;1159.92;1172.49;1154.33;2.31B;-0.32%;2.31;2,310,000,000
28/12/2021;1160.07;1133.2;1163.3;1133.2;3.48B;2.48%;3.48;3,480,000,000
27/12/2021;1131.95;1128.4;1135.04;1125.7;3.69B;0.45%;3.69;3,690,000,000
24/12/2021;1126.89;1109.99;1127.92;1107.46;3.44B;1.54%;3.44;3,440,000,000
23/12/2021;1109.84;1113.41;1121.6;1104.83;2.85B;-0.12%;2.85;2,850,000,000
22/12/2021;1111.17;1118.92;1129.5;1109.23;3.36B;-0.12%;3.36;3,360,000,000
21/12/2021;1112.52;1105.5;1119.27;1105.5;2.92B;0.71%;2.92;2,920,000,000
20/12/2021;1104.7;1104.93;1112.71;1097.69;3.14B;-0.27%;3.14;3,140,000,000
17/12/2021;1107.72;1090.08;1107.72;1086.53;3.18B;1.83%;3.18;3,180,000,000
16/12/2021;1087.86;1097.47;1102.33;1085.57;2.63B;-0.54%;2.63;2,630,000,000
15/12/2021;1093.73;1090.8;1101.79;1086.84;3.22B;0.28%;3.22;3,220,000,000
14/12/2021;1090.69;1096.8;1098.36;1083.75;2.81B;-0.63%;2.81;2,810,000,000
13/12/2021;1097.56;1098.89;1105.93;1096;2.64B;0.07%;2.64;2,640,000,000
10/12/2021;1096.8;1086.9;1097.67;1072.69;2.38B;0.87%;2.38;2,380,000,000
09/12/2021;1087.34;1081.32;1094.87;1080.03;2.21B;0.77%;2.21;2,210,000,000
08/12/2021;1079.03;1085.34;1087.26;1078.3;2.05B;-0.30%;2.05;2,050,000,000
07/12/2021;1082.28;1085.63;1091.64;1074.47;1.92B;-0.20%;1.92;1,920,000,000
06/12/2021;1084.46;1073.79;1091.63;1072.86;1.70B;0.94%;1.7;1,700,000,000
03/12/2021;1074.32;1071.42;1076.14;1065.06;1.77B;0.25%;1.77;1,770,000,000
02/12/2021;1071.6;1048.57;1071.6;1042.34;2.45B;2.27%;2.45;2,450,000,000
01/12/2021;1047.86;1046.45;1051.54;1033.3;2.13B;0.13%;2.13;2,130,000,000
30/11/2021;1046.55;1031.95;1056.44;1031.15;2.56B;1.08%;2.56;2,560,000,000
29/11/2021;1035.35;1028.36;1038.83;1019.23;;0.14%;;
26/11/2021;1033.94;1058.52;1059.99;1028.23;2.75B;-2.60%;2.75;2,750,000,000
25/11/2021;1061.57;1062.67;1069.44;1055.31;2.50B;0.30%;2.5;2,500,000,000
24/11/2021;1058.42;1052.83;1062.92;1052.16;2.94B;0.88%;2.94;2,940,000,000
23/11/2021;1049.22;1045.65;1051.76;1040.03;3.37B;0.89%;3.37;3,370,000,000
22/11/2021;1039.99;1041.18;1047.56;1032.66;2.79B;-0.14%;2.79;2,790,000,000
19/11/2021;1041.43;1018.61;1041.43;1018.61;3.90B;2.41%;3.9;3,900,000,000
18/11/2021;1016.93;1019.53;1021.79;1012.02;2.50B;-0.38%;2.5;2,500,000,000
17/11/2021;1020.77;1014.16;1024.94;1014.16;2.48B;0.84%;2.48;2,480,000,000
16/11/2021;1012.26;1007.19;1013.48;1007.19;3.03B;0.33%;3.03;3,030,000,000
15/11/2021;1008.92;1029.76;1030.98;1002.44;2.88B;-2.04%;2.88;2,880,000,000
12/11/2021;1029.88;1037.3;1039.87;1024.78;3.05B;-0.64%;3.05;3,050,000,000
11/11/2021;1036.54;1027.05;1037.26;1024.25;2.88B;0.67%;2.88;2,880,000,000
10/11/2021;1029.61;1020.99;1038.14;1020.99;2.09B;0.70%;2.09;2,090,000,000
09/11/2021;1022.43;1010.08;1025.73;1009.81;2.35B;1.70%;2.35;2,350,000,000
08/11/2021;1005.36;998.13;1007.14;997.73;2.02B;0.92%;2.02;2,020,000,000
05/11/2021;996.19;1004.69;1006.06;994.28;2.15B;-1.02%;2.15;2,150,000,000
04/11/2021;1006.44;990.64;1010.77;990.64;3.02B;2.16%;3.02;3,020,000,000
03/11/2021;985.12;977.37;985.12;974.72;1.82B;1.09%;1.82;1,820,000,000
02/11/2021;974.54;992;996.09;973.12;1.96B;-2.03%;1.96;1,960,000,000
01/11/2021;994.73;998.48;1004.34;993.1;2.39B;-0.56%;2.39;2,390,000,000
29/10/2021;1000.37;995.42;1007.53;994.33;1.97B;0.16%;1.97;1,970,000,000
28/10/2021;998.75;1021.32;1021.32;992.09;3.15B;-2.68%;3.15;3,150,000,000
27/10/2021;1026.2;1038.44;1039.3;1025.06;2.45B;-1.04%;2.45;2,450,000,000
26/10/2021;1036.95;1024.12;1042.82;1021;2.48B;1.72%;2.48;2,480,000,000
25/10/2021;1019.4;1010.84;1026.86;1009.27;2.42B;1.83%;2.42;2,420,000,000
22/10/2021;1001.09;996.42;1004.9;981.66;3.27B;-0.99%;3.27;3,270,000,000
21/10/2021;1011.11;1035.73;1036.53;1009.02;3.47B;-3.26%;3.47;3,470,000,000
19/10/2021;1045.22;1050.22;1051.99;1041.71;2.54B;-0.59%;2.54;2,540,000,000
18/10/2021;1051.46;1051.47;1057.37;1047.85;3.31B;-0.12%;3.31;3,310,000,000
15/10/2021;1052.69;1054.97;1058.23;1048.26;2.96B;-0.04%;2.96;2,960,000,000
14/10/2021;1053.09;1054.18;1061.8;1049.02;2.52B;-0.08%;2.52;2,520,000,000
13/10/2021;1053.91;1066.93;1067.13;1049.97;3.40B;-1.25%;3.4;3,400,000,000
12/10/2021;1067.26;1065.7;1073.6;1064.27;4.37B;0.36%;4.37;4,370,000,000
11/10/2021;1063.44;1042.16;1064.76;1038.77;5.06B;2.33%;5.06;5,060,000,000
08/10/2021;1039.21;1023.89;1040.31;1021.06;6.37B;1.49%;6.37;6,370,000,000
07/10/2021;1023.94;1041.95;1041.95;1019.51;2.95B;-2.83%;2.95;2,950,000,000
06/10/2021;1053.78;1054.53;1068.5;1051.39;5.91B;1.38%;5.91;5,910,000,000
05/10/2021;1039.45;1038.97;1072.47;1034.27;8.64B;1.04%;8.64;8,640,000,000
04/10/2021;1028.79;998.77;1037.95;998.77;8.81B;3.82%;8.81;8,810,000,000
01/10/2021;990.97;998.37;1012.08;984.74;4.17B;-0.53%;4.17;4,170,000,000
30/09/2021;996.28;944.18;1004.35;943.85;5.57B;5.65%;5.57;5,570,000,000
29/09/2021;942.97;911.53;947.45;910.48;5.07B;3.24%;5.07;5,070,000,000
28/09/2021;913.35;862.23;917.7;862.23;9.68B;6.98%;9.68;9,680,000,000
27/09/2021;853.78;843.66;858.01;843.66;3.00B;1.45%;3;3,000,000,000
24/09/2021;841.55;819.52;844.04;819.37;3.74B;3.02%;3.74;3,740,000,000
23/09/2021;816.91;802.57;818.67;802.46;3.06B;2.19%;3.06;3,060,000,000
22/09/2021;799.41;790.74;801.39;790.23;1.84B;1.29%;1.84;1,840,000,000
21/09/2021;789.25;784.18;789.65;776.45;1.40B;0.62%;1.4;1,400,000,000
20/09/2021;784.35;788.14;790.27;780.65;1.72B;-0.51%;1.72;1,720,000,000
17/09/2021;788.4;793.95;794.14;785.74;1.53B;-1.19%;1.53;1,530,000,000
16/09/2021;797.91;798.33;803.54;795.7;1.81B;0.23%;1.81;1,810,000,000
15/09/2021;796.1;788.05;800.94;787.64;1.78B;0.85%;1.78;1,780,000,000
14/09/2021;789.39;774.66;791.34;774.52;2.00B;2.16%;2;2,000,000,000
13/09/2021;772.68;772.96;774.64;768.97;3.52B;-0.02%;3.52;3,520,000,000
10/09/2021;772.86;770.55;776;769.1;1.71B;0.41%;1.71;1,710,000,000
09/09/2021;769.67;769.33;772.59;761.91;1.41B;0.12%;1.41;1,410,000,000
08/09/2021;768.75;776.22;777.34;763.3;1.47B;-0.97%;1.47;1,470,000,000
07/09/2021;776.24;776.96;779.07;773.48;1.67B;0.03%;1.67;1,670,000,000
06/09/2021;775.99;774.08;779.58;772.92;2.36B;0.45%;2.36;2,360,000,000
03/09/2021;772.5;760.5;773.78;760.5;2.93B;1.91%;2.93;2,930,000,000
02/09/2021;758.05;758.92;761.13;752.78;1.47B;0.07%;1.47;1,470,000,000
01/09/2021;757.49;755.12;758.51;753.02;974.82M;0.63%;974.82;974,820,000
31/08/2021;752.72;754.34;755.23;750.7;1.24B;-0.02%;1.24;1,240,000,000
30/08/2021;752.87;742.82;752.87;742.13;1.55B;1.75%;1.55;1,550,000,000
27/08/2021;739.9;745.76;747.49;736.38;1.36B;-0.77%;1.36;1,360,000,000
26/08/2021;745.61;747.5;748.93;741.35;1.16B;0.01%;1.16;1,160,000,000
25/08/2021;745.56;742.75;747.41;742.4;1.17B;0.60%;1.17;1,170,000,000
24/08/2021;741.13;755.68;758.46;739.41;1.63B;-1.49%;1.63;1,630,000,000
23/08/2021;752.36;734.04;752.36;732.62;1.59B;2.66%;1.59;1,590,000,000
20/08/2021;732.9;734.24;734.98;725.71;1.29B;-0.21%;1.29;1,290,000,000
19/08/2021;734.47;752.23;753.09;732.4;1.44B;-2.42%;1.44;1,440,000,000
18/08/2021;752.7;764.98;765.44;747.79;1.62B;-1.68%;1.62;1,620,000,000
16/08/2021;765.53;767.5;772.08;760.92;1.29B;-0.18%;1.29;1,290,000,000
13/08/2021;766.92;770.42;774.01;763.93;1.31B;-0.27%;1.31;1,310,000,000
12/08/2021;768.98;756.31;770.19;756.31;1.89B;1.99%;1.89;1,890,000,000
10/08/2021;753.95;751.47;754.62;741.12;1.64B;0.70%;1.64;1,640,000,000
09/08/2021;748.74;759.68;763.46;746.28;1.32B;-1.05%;1.32;1,320,000,000
06/08/2021;756.72;759.08;762.26;752.35;1.57B;-0.09%;1.57;1,570,000,000
05/08/2021;757.41;766.22;768.1;755.52;1.30B;-1.01%;1.3;1,300,000,000
04/08/2021;765.11;765.28;768.54;761.2;1.43B;0.08%;1.43;1,430,000,000
03/08/2021;764.53;767.83;769.46;762.49;1.16B;-0.40%;1.16;1,160,000,000
02/08/2021;767.58;762.04;770.09;760.66;1.01B;0.99%;1.01;1,010,000,000
30/07/2021;760.08;766.49;770.97;756.54;1.33B;-0.77%;1.33;1,330,000,000
29/07/2021;766.01;755.03;767.94;754.42;1.44B;1.70%;1.44;1,440,000,000
28/07/2021;753.18;753.94;755.68;747.16;1.07B;-0.02%;1.07;1,070,000,000
27/07/2021;753.34;755.72;763.32;750.97;1.03B;-0.03%;1.03;1,030,000,000
26/07/2021;753.56;756.47;762.59;753.56;1.23B;-0.49%;1.23;1,230,000,000
23/07/2021;757.23;761.97;763.1;754.89;1.14B;-0.33%;1.14;1,140,000,000
22/07/2021;759.75;738.74;760.48;738.67;1.76B;3.16%;1.76;1,760,000,000
21/07/2021;736.51;739.27;743.15;733.04;1.50B;-0.23%;1.5;1,500,000,000
19/07/2021;738.17;737.78;744.76;735.13;1.48B;0.07%;1.48;1,480,000,000
16/07/2021;737.64;727.94;739.22;727.45;1.18B;1.55%;1.18;1,180,000,000
15/07/2021;726.4;721.77;726.97;719.92;1.10B;0.56%;1.1;1,100,000,000
14/07/2021;722.37;724.33;732.4;719.4;1.64B;-0.27%;1.64;1,640,000,000
13/07/2021;724.29;732.44;734.33;723.21;1.63B;-1.02%;1.63;1,630,000,000
12/07/2021;731.79;736.02;738.01;729.16;1.72B;-0.14%;1.72;1,720,000,000
09/07/2021;732.78;733.38;735.93;727.84;1.55B;0.06%;1.55;1,550,000,000
08/07/2021;732.31;735.88;742.9;729.22;1.74B;-0.49%;1.74;1,740,000,000
07/07/2021;735.93;739.87;740.33;730.91;2.12B;-0.82%;2.12;2,120,000,000
06/07/2021;742.05;727.79;742.64;727.52;1.59B;2.56%;1.59;1,590,000,000
05/07/2021;723.56;732.08;734.37;720.6;994.75M;-0.98%;994.75;994,750,000
02/07/2021;730.75;723.02;734.84;722.76;2.05B;1.48%;2.05;2,050,000,000
01/07/2021;720.09;722.23;728.37;718.93;1.75B;0.03%;1.75;1,750,000,000
30/06/2021;719.9;715.34;721.8;710.9;2.77B;0.63%;2.77;2,770,000,000
29/06/2021;715.4;719.17;722.36;709.77;1.32B;-0.68%;1.32;1,320,000,000
28/06/2021;720.29;737.73;739.34;719.5;1.35B;-1.96%;1.35;1,350,000,000
25/06/2021;734.69;728.75;738.6;728.58;1.47B;0.97%;1.47;1,470,000,000
24/06/2021;727.63;733.99;736.96;725.84;1.56B;-0.79%;1.56;1,560,000,000
23/06/2021;733.46;739.32;743.65;733.46;1.84B;-0.71%;1.84;1,840,000,000
22/06/2021;738.73;736.27;743.83;735.15;1.16B;0.77%;1.16;1,160,000,000
21/06/2021;733.09;737.66;738;723.21;1.32B;-1.14%;1.32;1,320,000,000
18/06/2021;741.56;756.28;756.95;734.59;2.22B;-2.12%;2.22;2,220,000,000
17/06/2021;757.64;766.6;766.6;756.18;1.37B;-1.46%;1.37;1,370,000,000
16/06/2021;768.89;760.68;770.62;757.6;1.60B;0.94%;1.6;1,600,000,000
15/06/2021;761.76;766.94;767.32;756.28;1.88B;-0.71%;1.88;1,880,000,000
14/06/2021;767.2;768.91;772.35;763.73;1.74B;-0.09%;1.74;1,740,000,000
11/06/2021;767.85;748.04;774.47;748.04;4.12B;3.25%;4.12;4,120,000,000
10/06/2021;743.65;743.35;749.7;742.36;1.78B;0.32%;1.78;1,780,000,000
09/06/2021;741.26;737.74;743.68;736.95;2.02B;0.63%;2.02;2,020,000,000
08/06/2021;736.62;744.44;747.26;735.17;1.83B;-0.67%;1.83;1,830,000,000
07/06/2021;741.58;749.92;751.76;740.44;1.08B;-1.05%;1.08;1,080,000,000
04/06/2021;749.46;751.91;753.97;746.73;1.21B;-0.53%;1.21;1,210,000,000
03/06/2021;753.45;760.19;760.61;751.53;1.86B;-0.71%;1.86;1,860,000,000
02/06/2021;758.81;739.14;758.81;736.52;2.59B;2.93%;2.59;2,590,000,000
31/05/2021;737.21;744.32;745.23;733.36;1.27B;-0.69%;1.27;1,270,000,000
28/05/2021;742.31;746.16;750.7;741.46;1.17B;-0.25%;1.17;1,170,000,000
27/05/2021;744.16;747.05;755.98;744.16;2.44B;-0.19%;2.44;2,440,000,000
25/05/2021;745.55;738.5;750.83;738.5;1.58B;1.40%;1.58;1,580,000,000
24/05/2021;735.28;738.15;752.44;734.99;1.35B;0.10%;1.35;1,350,000,000
21/05/2021;734.55;742.11;747.66;732.44;1.57B;-0.52%;1.57;1,570,000,000
20/05/2021;738.41;743.59;747.53;737.98;1.39B;-0.72%;1.39;1,390,000,000
19/05/2021;743.76;750.89;755.17;743.76;1.28B;-1.05%;1.28;1,280,000,000
18/05/2021;751.68;745.42;753.34;743.7;1.24B;0.98%;1.24;1,240,000,000
17/05/2021;744.4;749.56;754.55;743.38;1.70B;-0.60%;1.7;1,700,000,000
11/05/2021;748.9;746.78;751.16;742.93;1.67B;0.23%;1.67;1,670,000,000
10/05/2021;747.22;741.79;748.82;741.79;1.38B;1.04%;1.38;1,380,000,000
07/05/2021;739.55;742.51;748.64;739.3;1.08B;-0.16%;1.08;1,080,000,000
06/05/2021;740.72;741.66;752.81;740.11;1.06B;-0.05%;1.06;1,060,000,000
05/05/2021;741.12;745.28;745.96;739.34;982.29M;-0.77%;982.29;982,290,000
04/05/2021;746.87;742.75;746.88;734.81;1.50B;0.70%;1.5;1,500,000,000
03/05/2021;741.7;745.73;746.77;731.1;1.82B;-0.38%;1.82;1,820,000,000
30/04/2021;744.55;740.9;745.91;736.43;1.40B;0.66%;1.4;1,400,000,000
29/04/2021;739.64;740.47;743.39;736.17;970.97M;0.20%;970.97;970,970,000
28/04/2021;738.14;731.77;746.39;729.86;878.70M;1.10%;878.7;878,700,000
27/04/2021;730.13;712.17;737.74;710.62;1.07B;2.81%;1.07;1,070,000,000
26/04/2021;710.17;703.31;715.81;700.56;1.02B;1.05%;1.02;1,020,000,000
23/04/2021;702.77;693.43;704.26;690.49;1.57B;1.36%;1.57;1,570,000,000
22/04/2021;693.33;694.68;698.46;693.33;1.40B;-0.06%;1.4;1,400,000,000
21/04/2021;693.74;691.55;696.8;686.63;993.89M;0.03%;993.89;993,890,000
20/04/2021;693.57;700.05;700.96;692.55;905.87M;-0.85%;905.87;905,870,000
19/04/2021;699.54;697.16;702.47;694.51;1.04B;0.51%;1.04;1,040,000,000
16/04/2021;696.01;695.8;706.12;693.36;978.11M;0.07%;978.11;978,110,000
15/04/2021;695.5;698.86;700.47;690.58;940.94M;-0.22%;940.94;940,940,000
14/04/2021;697;692.82;698.72;692.52;1.14B;0.77%;1.14;1,140,000,000
13/04/2021;691.64;700.96;701.29;688.56;1.32B;-1.48%;1.32;1,320,000,000
12/04/2021;702.05;721.45;723.33;700.51;1.50B;-2.90%;1.5;1,500,000,000
09/04/2021;723;724.03;728.54;720.5;1.49B;-0.12%;1.49;1,490,000,000
08/04/2021;723.89;725.26;727.53;719.31;1.81B;-0.20%;1.81;1,810,000,000
07/04/2021;725.34;716.65;725.34;716.25;1.28B;1.20%;1.28;1,280,000,000
06/04/2021;716.73;713.77;717.34;707.57;1.23B;0.60%;1.23;1,230,000,000
05/04/2021;712.48;721.21;723.48;711.63;1.11B;-0.73%;1.11;1,110,000,000
01/04/2021;717.75;714.92;724.88;713.53;1.24B;0.67%;1.24;1,240,000,000
31/03/2021;712.98;718.85;723.58;708.54;1.80B;-0.90%;1.8;1,800,000,000
30/03/2021;719.43;733.98;735.02;717.93;1.25B;-1.96%;1.25;1,250,000,000
29/03/2021;733.79;742.99;745.83;733.59;1.37B;-0.95%;1.37;1,370,000,000
26/03/2021;740.86;733.89;742.55;729.82;1.67B;1.18%;1.67;1,670,000,000
25/03/2021;732.22;739.82;742.95;726.7;2.22B;-0.91%;2.22;2,220,000,000
24/03/2021;738.96;756.54;756.54;738.26;2.14B;-2.81%;2.14;2,140,000,000
23/03/2021;760.31;768.72;773.51;756.92;5.30B;-0.44%;5.3;5,300,000,000
22/03/2021;763.64;763.54;772.06;760.15;3.41B;0.28%;3.41;3,410,000,000
19/03/2021;761.53;760.8;762.42;753.87;3.30B;-0.10%;3.3;3,300,000,000
18/03/2021;762.29;755.54;763.71;755.23;2.40B;1.31%;2.4;2,400,000,000
17/03/2021;752.42;756.11;759.17;751.37;1.36B;-0.49%;1.36;1,360,000,000
16/03/2021;756.15;762.43;763.7;754.4;1.73B;-0.58%;1.73;1,730,000,000
15/03/2021;760.52;765.72;770.06;758.04;2.30B;-0.26%;2.3;2,300,000,000
12/03/2021;762.5;747.59;763.66;747.19;3.48B;2.61%;3.48;3,480,000,000
10/03/2021;743.07;743.97;748.27;742.31;882.57M;0.19%;882.57;882,570,000
09/03/2021;741.62;744.93;748.18;734.83;1.20B;-0.42%;1.2;1,200,000,000
08/03/2021;744.73;753.53;757.13;743.27;1.71B;-0.61%;1.71;1,710,000,000
05/03/2021;749.32;763.17;765.65;749.32;1.58B;-2.01%;1.58;1,580,000,000
04/03/2021;764.68;770.22;772.52;762.74;1.59B;-0.74%;1.59;1,590,000,000
03/03/2021;770.36;771.45;773.32;766.91;1.31B;0.12%;1.31;1,310,000,000
02/03/2021;769.46;773.56;779.69;767.91;1.41B;-0.17%;1.41;1,410,000,000
01/03/2021;770.74;770.48;772.67;764.96;1.37B;0.36%;1.37;1,370,000,000
26/02/2021;767.95;770.2;771.35;762.54;1.85B;-1.02%;1.85;1,850,000,000
25/02/2021;775.88;773.1;779.68;773.1;1.69B;0.98%;1.69;1,690,000,000
24/02/2021;768.37;779.68;780.12;766.96;1.55B;-1.27%;1.55;1,550,000,000
23/02/2021;778.23;794.03;796.41;778.23;2.28B;-1.59%;2.28;2,280,000,000
22/02/2021;790.76;781.49;792.14;779.47;2.04B;1.68%;2.04;2,040,000,000
19/02/2021;777.68;779.48;781.94;772.86;1.66B;-0.32%;1.66;1,660,000,000
18/02/2021;780.18;783.61;786.73;779.06;1.64B;-0.24%;1.64;1,640,000,000
17/02/2021;782.03;787.91;789.45;774.65;2.43B;-0.72%;2.43;2,430,000,000
16/02/2021;787.67;788.93;794.06;785.61;1.41B;-0.03%;1.41;1,410,000,000
15/02/2021;787.9;785.15;790.54;780.1;1.62B;0.87%;1.62;1,620,000,000
11/02/2021;781.07;770.45;781.55;769.08;1.66B;1.47%;1.66;1,660,000,000
10/02/2021;769.78;771.97;775.47;766.51;1.52B;-0.03%;1.52;1,520,000,000
09/02/2021;770.02;779.46;782.89;766.03;3.16B;-0.73%;3.16;3,160,000,000
08/02/2021;775.68;776.28;784.53;772.79;2.79B;0.70%;2.79;2,790,000,000
05/02/2021;770.33;759.09;771.35;758.67;3.81B;2.13%;3.81;3,810,000,000
04/02/2021;754.24;755.32;765.64;749.64;2.82B;-0.01%;2.82;2,820,000,000
03/02/2021;754.34;757.91;763.79;750.88;3.46B;-0.29%;3.46;3,460,000,000
02/02/2021;756.56;762.99;774.2;752.15;8.31B;-0.46%;8.31;8,310,000,000
01/02/2021;760.03;740.61;760.03;726.6;2.78B;2.61%;2.78;2,780,000,000
29/01/2021;740.68;749.01;759.52;727.78;2.20B;-0.47%;2.2;2,200,000,000
28/01/2021;744.21;767.02;779.87;740.08;2.18B;-3.39%;2.18;2,180,000,000
27/01/2021;770.3;772.33;777.53;753.72;2.00B;0.00%;2;2,000,000,000
26/01/2021;770.32;785.52;794.23;764.02;1.93B;-1.95%;1.93;1,930,000,000
